Wine,Actual Quality,Predicted Quality
4745,3,3
1856,4,4
2154,4,4
5049,4,4
4039,4,4
3879,4,4
1951,4,4
4217,4,5
1529,6,5
5426,6,5
4214,5,5
5424,5,5
5427,5,5
4216,5,5
1525,5,5
5423,5,5
1524,6,5
4215,5,5
1530,5,5
5539,5,5
1521,5,5
4213,4,5
4442,5,5
5443,5,5
4440,5,5
2948,6,5
1510,5,5
5440,5,5
5422,5,5
3204,5,5
2454,5,5
2949,6,5
4831,6,5
5434,5,5
2451,5,5
4212,4,5
5438,5,5
5421,5,5
5420,5,5
1537,6,5
5394,6,5
2440,5,5
2953,5,5
1564,5,5
5398,6,5
4228,6,5
1561,5,5
2443,5,5
1559,4,5
1558,4,5
4836,5,5
2445,5,5
5406,6,5
3186,4,5
1536,5,5
2446,5,5
5410,6,5
2952,5,5
4222,4,5
5413,5,5
1547,6,5
4439,5,5
2950,5,5
1544,5,5
4219,5,5
5417,5,5
1541,4,5
2450,5,5
5419,5,5
4203,5,5
5409,6,5
3210,5,5
5448,6,5
2438,5,5
5476,5,5
5477,6,5
5478,5,5
5479,5,5
5480,5,5
5483,6,5
1455,5,5
1454,5,5
4185,5,5
5485,5,5
1451,5,5
4820,5,5
4182,6,5
5488,5,5
5490,5,5
5491,5,5
5492,5,5
1430,4,5
5499,6,5
5498,4,5
2475,5,5
5496,6,5
4179,5,5
5475,5,5
1436,5,5
1438,5,5
1439,5,5
1440,5,5
1441,5,5
1442,5,5
5493,5,5
4180,6,5
5474,4,5
3228,6,5
3227,6,5
5459,5,5
1488,6,5
1489,5,5
4443,5,5
2462,5,5
4198,5,5
5460,5,5
5455,5,5
5453,5,5
1496,5,5
5452,5,5
5451,5,5
2460,5,5
2459,5,5
2461,5,5
1502,5,5
1485,6,5
1483,4,5
1468,5,5
1469,5,5
5471,4,5
2470,5,5
4189,5,5
2469,5,5
1484,3,5
1474,4,5
1477,6,5
2466,5,5
2465,5,5
2464,5,5
3218,4,5
3217,5,5
2942,5,5
5388,6,5
2435,4,5
5500,5,5
5310,5,5
1685,7,5
5312,5,5
1683,7,5
1682,7,5
5313,5,5
1680,5,5
4271,5,5
5315,5,5
3139,6,5
5317,5,5
1675,5,5
3140,6,5
1673,5,5
1672,5,5
5320,5,5
1669,6,5
5331,5,5
1654,5,5
1655,5,5
5329,5,5
1658,5,5
1659,5,5
5309,5,5
1660,6,5
5325,6,5
1664,4,5
2408,5,5
1666,5,5
4269,5,5
5322,5,5
5326,5,5
5308,6,5
5307,4,5
1690,4,5
5294,5,5
2971,5,5
1713,6,5
1714,5,5
3127,5,5
5291,5,5
1710,5,5
1717,6,5
5290,5,5
5286,6,5
5285,6,5
5284,6,5
1725,6,5
2396,5,5
1718,4,5
1651,6,5
1709,5,5
1707,5,5
1691,7,5
2405,5,5
3135,6,5
2404,5,5
5302,5,5
4858,5,5
1708,4,5
3131,5,5
5297,5,5
1702,4,5
1703,5,5
1704,5,5
2401,4,5
2400,4,5
5298,5,5
5333,5,5
5334,6,5
2412,4,5
1594,6,5
1595,6,5
1596,5,5
1597,6,5
2430,5,5
1600,6,5
5373,5,5
4244,5,5
4433,5,5
1604,5,5
5367,5,5
5366,6,5
1608,5,5
4845,5,5
4245,5,5
4430,5,5
2431,5,5
2432,5,5
5385,6,5
5384,5,5
1577,4,5
5383,5,5
1579,4,5
1580,5,5
5376,5,5
5381,5,5
1584,6,5
1585,5,5
1586,5,5
1587,6,5
1588,5,5
2433,6,5
5380,5,5
2436,5,5
1611,6,5
2424,5,5
5346,6,5
2418,5,5
2417,5,5
1636,5,5
5343,6,5
1638,5,5
2419,5,5
1640,5,5
1642,7,5
2415,5,5
1644,7,5
2414,4,5
5337,5,5
4851,5,5
5340,7,5
5361,5,5
4256,5,5
5350,6,5
5359,5,5
2962,5,5
1616,6,5
1617,6,5
1618,6,5
5357,3,5
5349,6,5
2422,5,5
1622,6,5
5355,5,5
5354,5,5
4849,5,5
1627,5,5
4255,5,5
1621,5,5
5501,6,5
5503,6,5
5282,5,5
3275,4,5
2502,4,5
5648,5,5
1239,5,5
5649,5,5
5650,5,5
5651,5,5
5652,6,5
5653,6,5
5654,6,5
5655,5,5
5656,5,5
1230,6,5
5657,5,5
5658,5,5
5659,5,5
5660,6,5
2503,4,5
5670,5,5
1214,6,5
5669,5,5
5668,6,5
1217,5,5
5645,5,5
5667,5,5
5665,5,5
5664,5,5
1222,6,5
5663,6,5
5662,6,5
5661,5,5
5666,6,5
5644,6,5
1245,4,5
2501,5,5
5630,5,5
5629,5,5
5628,5,5
1268,5,5
1269,6,5
4808,5,5
5631,5,5
1271,5,5
1273,5,5
1274,6,5
1275,6,5
5626,5,5
1277,5,5
5625,5,5
1272,5,5
1211,5,5
5632,5,5
5634,5,5
5642,5,5
5641,5,5
1249,5,5
5640,5,5
1251,5,5
1252,6,5
5633,5,5
5639,5,5
5637,5,5
5636,5,5
5635,6,5
1258,6,5
1259,6,5
1260,6,5
2500,5,5
2498,5,5
1210,6,5
5673,5,5
1171,5,5
4137,5,5
2510,6,5
5698,5,5
5699,5,5
1166,5,5
5701,6,5
1164,6,5
5702,6,5
5706,5,5
1161,6,5
5707,6,5
1159,6,5
5708,5,5
4913,5,5
1156,6,5
2511,6,5
1141,5,5
1142,5,5
3292,5,5
4456,5,5
1145,5,5
1146,5,5
2509,5,5
1147,5,5
1149,5,5
1150,5,5
1151,5,5
1152,4,5
3289,5,5
4132,5,5
4131,5,5
5694,5,5
5693,5,5
1175,5,5
1194,6,5
5682,5,5
5681,5,5
1197,7,5
5680,5,5
5679,5,5
1193,7,5
5678,6,5
1202,5,5
2506,6,5
2505,6,5
1205,5,5
2504,6,5
1207,5,5
5677,5,5
3278,5,5
5683,5,5
5685,6,5
1176,7,5
2508,6,5
1178,5,5
4455,5,5
1180,5,5
1181,6,5
5684,5,5
5690,6,5
5688,6,5
1185,5,5
1186,5,5
5687,5,5
5686,6,5
1189,5,5
5689,5,5
5623,5,5
5622,4,5
1282,5,5
2484,5,5
5540,5,5
5541,5,5
5542,5,5
6495,5,5
1382,6,5
5544,5,5
4813,5,5
1379,6,5
2486,5,5
4452,5,5
5548,5,5
5549,5,5
5550,5,5
5552,5,5
5553,5,5
1370,6,5
5563,5,5
1357,6,5
2492,6,5
2491,5,5
5560,6,5
5559,5,5
5538,5,5
2490,6,5
5557,4,5
4163,5,5
2489,6,5
1367,5,5
5554,5,5
1369,5,5
1363,4,5
2483,6,5
5536,7,5
5535,5,5
5519,5,5
5518,5,5
2481,6,5
4451,5,5
1415,5,5
5514,5,5
5520,5,5
5513,5,5
2478,6,5
5509,5,5
5508,5,5
2476,6,5
3238,5,5
5505,6,5
5512,6,5
2493,4,5
3245,5,5
5523,5,5
5534,5,5
5533,5,5
5532,5,5
5531,4,5
2482,6,5
5529,5,5
5522,5,5
5528,6,5
5526,6,5
1401,6,5
5525,5,5
5524,5,5
1404,5,5
1405,4,5
5527,5,5
2494,4,5
5566,5,5
4810,5,5
5603,5,5
5602,4,5
1304,5,5
5601,4,5
5600,6,5
1307,5,5
5604,5,5
5599,6,5
1310,6,5
5598,6,5
1312,5,5
1313,5,5
1314,6,5
4153,5,5
1309,6,5
5596,5,5
2497,5,5
5608,5,5
5621,5,5
4150,5,5
5619,5,5
5618,5,5
5617,5,5
5616,5,5
3269,5,5
5615,5,5
5614,5,5
5613,6,5
5612,5,5
5611,5,5
5610,5,5
5609,5,5
1290,6,5
5502,6,5
5595,6,5
1319,5,5
5578,5,5
5577,5,5
5576,5,5
1341,5,5
5575,5,5
1343,6,5
5579,6,5
3264,6,5
4155,5,5
5571,5,5
5570,5,5
1349,4,5
5569,5,5
4156,5,5
4154,5,5
5594,6,5
5580,5,5
5582,5,5
3265,3,5
5592,5,5
5591,5,5
5590,5,5
5589,5,5
5588,3,5
5581,5,5
1326,6,5
5586,5,5
1329,5,5
1330,5,5
5585,5,5
5584,5,5
5583,5,5
5587,5,5
1728,5,5
1732,5,5
4864,5,5
5014,6,5
5015,6,5
2132,6,5
2131,6,5
3010,5,5
5017,6,5
2128,6,5
2127,5,5
2126,5,5
5018,5,5
2324,5,5
2123,5,5
5020,5,5
5021,5,5
2120,5,5
5022,5,5
5023,5,5
5032,6,5
2105,5,5
5031,6,5
4379,5,5
2326,5,5
5028,5,5
3009,6,5
2110,5,5
2112,5,5
5027,5,5
2325,6,5
2115,5,5
5025,5,5
5024,5,5
2111,5,5
2103,5,5
5012,5,5
5010,5,5
4988,5,5
2322,6,5
4385,5,5
4991,5,5
2166,5,5
2165,5,5
4992,4,5
4384,5,5
2162,6,5
4994,5,5
4995,5,5
4996,5,5
4997,6,5
4998,6,5
4999,6,5
5000,6,5
5001,5,5
2139,5,5
2140,5,5
2141,5,5
2142,5,5
5009,5,5
5008,5,5
4907,5,5
5007,5,5
5005,5,5
2148,5,5
5004,5,5
5003,5,5
2151,5,5
5002,5,5
5006,6,5
2102,5,5
5033,5,5
2100,5,5
5059,4,5
2328,5,5
5061,5,5
2059,5,5
2058,5,5
5062,5,5
2056,5,5
5063,5,5
5064,5,5
5065,4,5
2052,5,5
2051,5,5
5066,6,5
5067,5,5
2048,5,5
2047,5,5
2046,5,5
5077,5,5
5076,5,5
2034,5,5
2035,5,5
5075,6,5
5074,5,5
5058,5,5
2329,5,5
5072,5,5
4374,5,5
5070,6,5
5069,6,5
5068,4,5
2045,5,5
2039,5,5
5057,6,5
2065,5,5
5056,5,5
2086,5,5
5041,5,5
4378,5,5
5039,5,5
2090,5,5
2091,5,5
2327,6,5
2092,5,5
5037,5,5
5036,5,5
2096,5,5
2097,5,5
5035,5,5
5034,5,5
5038,5,5
4987,5,5
5043,5,5
5045,5,5
2067,5,5
5055,5,5
5054,5,5
2070,6,5
5053,5,5
5052,5,5
5044,5,5
5051,5,5
2076,5,5
4376,5,5
5047,6,5
2079,4,5
2080,5,5
5046,6,5
5050,5,5
2172,5,5
2173,5,5
4986,5,5
2276,6,5
2275,4,5
4930,5,5
2273,5,5
4931,6,5
2271,6,5
4932,5,5
2269,6,5
2268,6,5
4933,6,5
2266,5,5
2265,5,5
4910,5,5
2263,5,5
2317,5,5
2261,6,5
2260,5,5
2246,4,5
4941,5,5
4392,5,5
2249,5,5
2250,6,5
4939,4,5
4929,6,5
2252,5,5
4938,5,5
4937,5,5
4936,4,5
2257,6,5
2258,5,5
2259,6,5
2253,5,5
2278,6,5
2279,5,5
4928,5,5
4919,5,5
4918,6,5
2301,5,5
2302,5,5
2303,5,5
2304,6,5
4920,5,5
4917,6,5
4916,4,5
2308,5,5
2309,6,5
4915,5,5
4914,7,5
2312,5,5
2306,5,5
4942,5,5
2297,6,5
2295,6,5
4927,6,5
2282,5,5
2283,5,5
2284,5,5
2285,5,5
2286,5,5
4921,5,5
2287,5,5
4926,5,5
4925,5,5
4924,5,5
2292,6,5
4923,5,5
4911,5,5
2288,5,5
5078,5,5
2244,5,5
2242,5,5
4968,6,5
2204,5,5
2203,5,5
2202,5,5
4969,5,5
2200,5,5
4970,5,5
2198,5,5
4971,4,5
4972,5,5
2195,5,5
4973,5,5
4974,5,5
2192,6,5
4975,6,5
4976,5,5
4977,4,5
4985,5,5
2176,5,5
2177,7,5
2178,5,5
2321,5,5
2180,6,5
4909,5,5
4983,5,5
2183,5,5
4981,5,5
4980,5,5
4979,5,5
2187,5,5
4978,5,5
4908,5,5
4390,5,5
4965,5,5
4964,5,5
4949,6,5
4948,5,5
4947,5,5
4946,5,5
2232,6,5
2233,5,5
2227,5,5
4945,5,5
2236,5,5
2237,4,5
4944,5,5
2239,6,5
2240,5,5
2241,5,5
2235,6,5
2318,4,5
2226,5,5
4951,5,5
4963,5,5
4962,5,5
4961,5,5
4960,7,5
4959,5,5
4958,5,5
4950,6,5
2216,5,5
4956,5,5
4955,5,5
4954,5,5
4953,5,5
4952,6,5
2223,6,5
4957,6,5
2030,6,5
2029,6,5
5079,5,5
5204,5,5
1839,6,5
1838,6,5
4884,5,5
1836,6,5
1835,5,5
4331,5,5
5207,6,5
5208,6,5
5209,6,5
5210,6,5
5211,5,5
4330,5,5
4329,5,5
1826,5,5
5214,5,5
1824,5,5
1810,6,5
1811,5,5
4325,5,5
4326,5,5
4327,5,5
2361,5,5
5203,6,5
5221,6,5
5220,5,5
5219,5,5
3077,5,5
5217,6,5
3076,5,5
5215,6,5
1817,4,5
5202,5,5
5201,5,5
2359,5,5
5189,5,5
1865,6,5
5187,5,5
3064,5,5
2352,6,5
5183,5,5
1863,5,5
1872,5,5
5182,5,5
1875,5,5
5180,5,5
5179,7,5
1880,5,5
2349,5,5
1873,5,5
4404,5,5
3729,5,5
4888,5,5
1845,5,5
1846,5,5
1847,5,5
1848,5,5
2358,5,5
4885,6,5
3066,5,5
5197,5,5
1853,5,5
5195,5,5
5194,5,5
1857,5,5
1858,5,5
4403,5,5
5196,5,5
1882,5,5
1808,5,5
1806,5,5
1767,5,5
1766,5,5
1765,5,5
1764,5,5
2380,4,5
4872,5,5
1760,6,5
1759,5,5
1758,5,5
1757,5,5
1756,5,5
5258,5,5
4410,5,5
5260,5,5
1752,6,5
2385,5,5
2386,4,5
2513,5,5
3120,6,5
4287,5,5
1736,5,5
4416,5,5
1739,4,5
1768,5,5
1740,6,5
5271,5,5
2387,4,5
1745,5,5
5268,5,5
5266,5,5
5265,5,5
4415,5,5
4301,5,5
2379,4,5
4408,5,5
4316,5,5
1793,5,5
1794,5,5
1795,6,5
2367,6,5
2366,5,5
1791,5,5
4320,5,5
1800,6,5
1801,5,5
2365,5,5
2364,5,5
1804,6,5
1805,5,5
5230,6,5
2363,5,5
1790,5,5
3091,6,5
4875,6,5
5250,5,5
4877,5,5
1776,5,5
4878,4,5
5246,6,5
4405,5,5
2373,3,5
5243,5,5
2371,5,5
1783,6,5
3095,6,5
3094,6,5
4880,6,5
4879,6,5
2394,5,5
1883,5,5
1886,5,5
5112,6,5
1990,4,5
5113,5,5
4905,7,5
5115,5,5
5116,5,5
5117,5,5
5118,6,5
5119,5,5
5120,5,5
5121,6,5
5122,4,5
1979,6,5
1978,6,5
2334,5,5
5124,6,5
5125,5,5
1961,5,5
1962,5,5
1963,6,5
1964,5,5
1965,6,5
2337,4,5
5111,5,5
4903,5,5
5127,5,5
1970,6,5
4904,5,5
1972,5,5
1973,5,5
1974,5,5
4363,5,5
4367,5,5
5109,6,5
2332,6,5
5090,5,5
5089,6,5
5088,5,5
5087,5,5
5086,5,5
5085,5,5
5091,5,5
5084,5,5
2022,6,5
5082,6,5
2024,5,5
5081,5,5
5080,5,5
2027,5,5
5083,5,5
1960,5,5
5092,5,5
5094,5,5
4906,7,5
5106,5,5
5105,5,5
4370,5,5
2000,5,5
2001,5,5
5093,5,5
4371,5,5
5101,5,5
2330,6,5
5099,5,5
3022,5,5
5097,4,5
3021,4,5
5102,6,5
3058,5,5
1959,5,5
5131,5,5
4899,5,5
1918,6,5
5155,5,5
1916,5,5
5156,5,5
4898,5,5
1913,6,5
5159,4,5
1910,5,5
4349,5,5
3049,5,5
3050,4,5
1905,6,5
5164,4,5
1903,5,5
3051,5,5
3052,7,5
4894,5,5
1888,5,5
5172,5,5
1890,5,5
1891,5,5
1892,5,5
5153,5,5
1893,5,5
5171,5,5
1896,6,5
1897,6,5
2346,4,5
4895,6,5
4348,6,5
1894,5,5
4900,5,5
5151,5,5
1923,5,5
1942,5,5
4902,5,5
1944,5,5
5138,5,5
1946,6,5
1947,5,5
1941,5,5
5137,6,5
5136,6,5
5135,6,5
5134,6,5
5133,6,5
1955,5,5
5132,6,5
1949,5,5
1958,6,5
1940,5,5
5140,6,5
1924,4,5
3042,6,5
3041,6,5
4901,6,5
3039,6,5
5146,6,5
1939,5,5
5145,5,5
1932,6,5
1933,5,5
5144,5,5
4358,5,5
3037,6,5
4359,6,5
1931,3,5
5716,5,5
1157,6,5
5717,5,5
2826,6,5
2696,6,5
6226,5,5
407,5,5
6227,6,5
405,5,5
6228,6,5
403,5,5
402,5,5
401,5,5
6229,5,5
6230,6,5
398,5,5
6231,5,5
3859,5,5
6232,5,5
394,5,5
6234,5,5
6235,5,5
6236,5,5
2698,6,5
2699,6,5
387,5,5
3847,5,5
3845,5,5
383,6,5
382,6,5
381,6,5
2701,5,5
6243,6,5
395,5,5
3860,5,5
2692,6,5
6218,5,5
6193,5,5
6194,5,5
2831,5,5
3874,5,5
6197,3,5
3873,5,5
443,6,5
3571,4,5
3872,4,5
6202,5,5
439,5,5
6203,5,5
6204,5,5
2687,5,5
6206,5,5
6207,5,5
433,4,5
417,5,5
6217,6,5
6216,6,5
3867,5,5
6213,6,5
2690,6,5
2702,5,5
4666,5,5
427,5,5
428,5,5
429,5,5
430,5,5
431,5,5
6208,5,5
6210,5,5
450,5,5
6245,5,5
2703,5,5
337,6,5
2707,5,5
6276,6,5
3832,5,5
3605,5,5
6279,5,5
6280,5,5
6281,5,5
6282,5,5
328,6,5
6283,5,5
6284,5,5
325,5,5
324,5,5
6274,5,5
6285,5,5
6287,5,5
3606,5,5
3831,5,5
6290,5,5
6291,5,5
6292,5,5
6293,6,5
6294,5,5
6295,5,5
6296,7,5
4557,6,5
6298,5,5
6299,5,5
307,6,5
6286,5,5
6273,5,5
3834,5,5
341,6,5
6248,5,5
373,6,5
372,5,5
370,6,5
6250,5,5
6251,5,5
367,6,5
6252,5,5
6253,5,5
6254,5,5
3839,5,5
6256,5,5
361,5,5
3838,5,5
4555,5,5
358,6,5
357,6,5
6271,5,5
6270,5,5
3835,5,5
6268,5,5
6267,4,5
6266,6,5
6246,5,5
6265,6,5
6263,5,5
352,6,5
6261,4,5
354,6,5
3599,6,5
6259,5,5
6264,5,5
6191,4,5
3878,5,5
6187,5,5
563,7,5
562,6,5
561,5,5
4528,6,5
3917,5,5
558,5,5
557,6,5
556,5,5
4692,5,5
3528,4,5
553,7,5
6120,6,5
2849,5,5
550,7,5
564,5,5
549,5,5
6124,5,5
6125,5,5
3530,5,5
544,6,5
6127,5,5
6129,5,5
541,5,5
6130,5,5
6131,4,5
3531,5,5
2848,5,5
536,5,5
535,5,5
6134,6,5
6123,5,5
6114,6,5
6112,6,5
3921,5,5
600,6,5
6091,5,5
6092,6,5
6093,6,5
596,5,5
6094,6,5
594,5,5
593,5,5
592,5,5
6095,6,5
590,5,5
2651,5,5
6097,6,5
6098,6,5
586,6,5
3929,5,5
3928,5,5
569,6,5
570,5,5
3522,5,5
572,5,5
1138,5,5
2654,5,5
2660,6,5
3923,5,5
6105,5,5
3925,5,5
2653,5,5
580,5,5
582,6,5
6101,5,5
3924,5,5
6136,4,5
3534,5,5
6138,5,5
4679,5,5
4537,5,5
489,6,5
6171,5,5
6173,6,5
484,5,5
483,5,5
2836,6,5
6175,6,5
480,5,5
6176,6,5
478,6,5
2678,5,5
4672,5,5
6181,6,5
4671,5,5
3561,5,5
6186,5,5
458,6,5
459,5,5
3563,5,5
461,5,5
462,5,5
6166,6,5
463,6,5
465,5,5
2683,5,5
467,6,5
468,5,5
469,5,5
470,6,5
464,5,5
306,5,5
4680,4,5
3893,5,5
6139,5,5
3535,5,5
6141,5,5
4529,6,5
525,6,5
4530,6,5
6144,5,5
4531,6,5
521,5,5
520,5,5
4686,4,5
3901,4,5
3900,5,5
516,5,5
6149,5,5
6150,5,5
6151,5,5
496,4,5
6161,4,5
6160,5,5
499,4,5
500,6,5
4535,6,5
4536,6,5
502,6,5
6158,5,5
2669,5,5
506,5,5
6154,5,5
510,6,5
2665,5,5
503,5,5
305,6,5
304,6,5
3610,5,5
111,5,5
110,6,5
4619,5,5
6429,5,5
6431,5,5
6433,6,5
103,5,5
102,5,5
2794,5,5
6435,6,5
99,6,5
98,4,5
4614,5,5
96,6,5
112,5,5
4612,5,5
2792,5,5
91,5,5
90,6,5
89,6,5
88,5,5
2791,5,5
86,6,5
85,6,5
84,5,5
6443,6,5
82,5,5
2755,5,5
4609,4,5
79,5,5
3686,5,5
113,5,5
114,5,5
115,4,5
3780,5,5
147,4,5
2800,5,5
2741,5,5
3774,5,5
6409,5,5
6410,6,5
141,5,5
3773,5,5
6412,6,5
6413,6,5
137,5,5
4625,5,5
134,5,5
133,5,5
132,5,5
6417,5,5
6427,6,5
3678,5,5
118,5,5
119,5,5
120,5,5
3765,5,5
2789,5,5
6424,6,5
3766,5,5
3767,5,5
3674,5,5
2797,5,5
6419,4,5
3769,5,5
123,6,5
6448,5,5
6449,5,5
2788,5,5
38,5,5
3700,5,5
36,5,5
6470,5,5
2785,5,5
4600,6,5
2769,5,5
3708,5,5
3709,5,5
3710,5,5
24,6,5
23,5,5
2770,7,5
6481,5,5
19,5,5
3713,5,5
3714,4,5
1,6,5
3722,5,5
3721,5,5
6,6,5
3719,5,5
8,6,5
39,5,5
3732,5,5
11,5,5
6487,5,5
3734,5,5
14,5,5
3715,6,5
16,6,5
3717,6,5
149,6,5
3699,5,5
42,6,5
73,6,5
6451,5,5
71,5,5
70,6,5
3694,5,5
3748,5,5
67,5,5
6454,5,5
65,5,5
2787,5,5
63,6,5
62,5,5
61,6,5
60,6,5
6456,5,5
58,6,5
57,6,5
43,6,5
44,6,5
6465,5,5
46,4,5
47,5,5
48,6,5
6466,5,5
2762,5,5
6462,5,5
6461,5,5
6460,5,5
6459,5,5
6458,5,5
6457,5,5
2761,5,5
6089,5,5
6403,3,5
152,6,5
3625,5,5
6329,6,5
3627,5,5
6332,6,5
6333,6,5
6334,5,5
6335,5,5
254,6,5
6336,5,5
252,5,5
3628,6,5
3629,6,5
6339,6,5
2721,5,5
263,6,5
6343,6,5
6345,5,5
6346,5,5
240,5,5
4638,5,5
237,6,5
3806,5,5
4636,5,5
6351,5,5
3804,5,5
2807,5,5
230,4,5
229,5,5
6355,5,5
2730,5,5
244,5,5
3816,5,5
266,6,5
267,5,5
4652,5,5
2712,5,5
3614,5,5
6311,5,5
3823,5,5
296,5,5
295,6,5
294,3,5
3616,5,5
292,5,5
4650,5,5
6316,5,5
6317,5,5
6318,5,5
6319,5,5
286,6,5
285,5,5
268,6,5
269,6,5
270,6,5
271,5,5
272,5,5
273,5,5
3800,5,5
274,5,5
278,4,5
4648,5,5
4649,5,5
282,4,5
283,5,5
284,5,5
277,5,5
225,5,5
6359,4,5
2731,5,5
184,5,5
183,6,5
182,5,5
181,5,5
180,6,5
179,6,5
178,4,5
177,5,5
6383,5,5
6384,5,5
3790,5,5
6386,5,5
172,4,5
3789,6,5
3788,5,5
169,5,5
168,5,5
3662,4,5
154,6,5
6400,5,5
6399,5,5
6398,5,5
2738,5,5
185,5,5
6396,6,5
161,5,5
6394,5,5
3786,5,5
6391,5,5
3787,5,5
6389,5,5
3783,5,5
2801,5,5
3653,6,5
6380,4,5
2732,5,5
221,6,5
6362,5,5
6363,5,5
218,5,5
217,5,5
3797,5,5
215,5,5
6365,4,5
2806,5,5
6367,3,5
6368,5,5
209,6,5
208,5,5
207,4,5
205,5,5
3793,6,5
189,4,5
190,6,5
191,5,5
3651,6,5
6378,4,5
6376,3,5
3791,5,5
6374,5,5
198,5,5
199,5,5
200,5,5
201,5,5
202,5,5
6372,5,5
197,5,5
602,5,5
6109,5,5
859,5,5
4478,5,5
2906,5,5
940,5,5
4052,5,5
938,6,5
937,5,5
5865,5,5
935,5,5
934,5,5
933,5,5
2568,6,5
931,5,5
5867,5,5
929,5,5
2905,5,5
927,7,5
926,5,5
912,5,5
913,5,5
914,4,5
915,5,5
4480,5,5
4479,5,5
2565,5,5
5875,5,5
5874,5,5
921,6,5
922,6,5
5873,5,5
3379,5,5
925,5,5
919,7,5
5860,5,5
5859,5,5
946,5,5
966,6,5
967,6,5
2556,5,5
5832,5,5
5831,5,5
972,6,5
4067,5,5
5830,6,5
975,5,5
5828,5,5
977,5,5
2913,5,5
5825,4,5
2552,5,5
5829,5,5
911,5,5
5837,5,5
5840,7,5
947,5,5
948,4,5
2564,6,5
950,5,5
2563,5,5
4477,5,5
2911,5,5
4060,5,5
956,5,5
4061,5,5
4772,5,5
2559,5,5
2910,5,5
5841,7,5
955,5,5
4073,5,5
910,5,5
5879,5,5
5911,6,5
2580,5,5
3402,6,5
4484,5,5
5917,5,5
4031,5,5
2895,5,5
5920,5,5
3407,5,5
603,5,5
5923,6,5
857,5,5
856,5,5
4027,5,5
853,5,5
2892,5,5
851,5,5
4016,5,5
2589,4,5
5939,6,5
5938,5,5
5935,5,5
4019,5,5
870,5,5
4020,4,5
4021,5,5
5930,5,5
847,5,5
4022,5,5
4748,5,5
4749,6,5
5932,6,5
871,5,5
5910,5,5
873,3,5
5888,5,5
2899,5,5
5886,5,5
5885,5,5
897,6,5
3387,5,5
5889,5,5
2576,5,5
902,5,5
903,6,5
904,8,5
905,4,5
906,4,5
2573,5,5
4481,5,5
2902,5,5
5890,6,5
5891,5,5
3400,6,5
2897,5,5
3398,5,5
4483,4,5
4036,5,5
3395,5,5
890,6,5
3394,5,5
4037,5,5
4038,5,5
5896,6,5
4040,5,5
4041,5,5
5892,5,5
881,6,5
4074,4,5
2551,6,5
2550,5,5
5743,5,5
1094,5,5
5744,5,5
5745,6,5
5746,5,5
1090,6,5
5747,5,5
5748,5,5
5749,5,5
5750,5,5
1085,5,5
4464,5,5
2524,5,5
1082,6,5
1081,6,5
4465,5,5
1079,6,5
1063,5,5
2531,4,5
4793,6,5
1066,6,5
5763,5,5
5762,5,5
5741,5,5
5761,5,5
2529,5,5
5758,5,5
4794,5,5
1074,6,5
3314,6,5
1078,5,5
5760,5,5
4116,6,5
5739,5,5
1100,6,5
1123,5,5
1124,5,5
1125,6,5
3295,5,5
5722,5,5
5721,5,5
3296,5,5
5720,5,5
4457,5,5
1132,5,5
1133,5,5
1134,5,5
1135,6,5
5718,5,5
1130,6,5
1062,5,5
1121,6,5
1119,5,5
4117,6,5
5737,5,5
1104,5,5
2520,5,5
4120,5,5
5733,5,5
3297,5,5
5732,5,5
2519,5,5
4122,6,5
2517,6,5
1114,4,5
1116,5,5
1118,5,5
1109,4,5
2532,4,5
4791,6,5
1059,4,5
5805,6,5
4782,6,5
5803,5,5
1007,5,5
4086,6,5
4783,6,5
3343,7,5
4089,6,5
1013,5,5
1014,5,5
1015,5,5
1016,5,5
3337,6,5
3336,6,5
5797,3,5
5792,6,5
1002,6,5
1000,7,5
4473,5,5
2548,6,5
2547,5,5
2546,5,5
5814,5,5
991,4,5
1001,5,5
4779,4,5
4780,5,5
995,6,5
4083,5,5
997,6,5
4781,5,5
3344,6,5
993,4,5
3420,5,5
5791,5,5
5789,5,5
1042,4,5
1043,5,5
5776,6,5
2537,6,5
1047,5,5
1048,5,5
1041,5,5
4099,6,5
4101,5,5
1053,4,5
1054,5,5
1055,5,5
4102,5,5
1057,5,5
1050,5,5
3335,6,5
1040,4,5
5778,5,5
5787,5,5
2538,6,5
4092,6,5
1027,4,5
5784,6,5
1029,4,5
5777,5,5
4093,6,5
5782,6,5
5781,5,5
1034,3,5
4095,6,5
4096,5,5
1037,5,5
1031,6,5
4015,5,5
4912,5,5
3487,6,5
2643,5,5
683,5,5
2619,6,5
739,6,5
4520,5,5
2620,5,5
737,5,5
2621,5,5
735,6,5
734,5,5
637,5,5
3974,6,5
3464,5,5
3973,4,5
638,5,5
639,5,5
657,5,5
729,5,5
3467,5,5
685,5,5
4509,5,5
682,6,5
6071,6,5
743,5,5
744,5,5
5994,6,5
3502,5,5
5995,5,5
630,5,5
5997,5,5
756,5,5
3991,5,5
631,5,5
3940,5,5
754,5,5
2642,5,5
2610,5,5
4501,6,5
680,5,5
2613,5,5
681,5,5
665,5,5
6006,5,5
633,5,5
3456,5,5
4723,6,5
6072,6,5
2611,5,5
6063,5,5
725,5,5
3968,6,5
650,7,5
6038,6,5
651,7,5
3961,5,5
702,4,5
3960,6,5
700,5,5
699,5,5
698,5,5
697,5,5
2629,5,5
695,5,5
6062,5,5
694,6,5
693,5,5
692,5,5
687,4,5
691,6,5
4514,5,5
652,7,5
6064,5,5
705,5,5
649,7,5
706,5,5
6037,6,5
3967,4,5
641,4,5
720,5,5
6026,5,5
4522,6,5
3474,6,5
643,5,5
3475,6,5
644,5,5
716,6,5
2625,5,5
6061,5,5
645,5,5
2632,5,5
3964,5,5
646,4,5
4521,5,5
3478,6,5
648,5,5
710,5,5
709,5,5
6036,5,5
6029,5,5
5993,5,5
688,6,5
5992,6,5
812,7,5
6082,5,5
811,6,5
810,5,5
612,5,5
613,5,5
809,6,5
808,6,5
807,6,5
806,5,5
614,5,5
805,6,5
2599,6,5
5963,6,5
615,5,5
802,5,5
801,5,5
800,6,5
6081,5,5
4001,5,5
5969,5,5
4701,6,5
813,6,5
6053,5,5
608,5,5
4013,6,5
2650,5,5
5949,5,5
2888,4,5
2637,5,5
5952,6,5
5953,6,5
6087,4,5
5955,5,5
2595,5,5
796,6,5
3949,5,5
4007,5,5
821,6,5
6086,5,5
2886,5,5
819,5,5
818,5,5
817,5,5
4518,6,5
4740,5,5
815,5,5
663,5,5
762,5,5
795,5,5
5970,6,5
660,5,5
6050,5,5
5980,6,5
674,5,5
675,6,5
5982,6,5
773,5,5
5983,5,5
676,6,5
4497,5,5
777,5,5
624,5,5
3444,5,5
2634,5,5
659,4,5
3954,5,5
766,5,5
4729,5,5
626,4,5
627,6,5
628,6,5
764,6,5
4704,6,5
794,5,5
3951,5,5
662,4,5
792,5,5
3508,5,5
790,6,5
3935,5,5
789,6,5
4702,6,5
669,5,5
620,5,5
5972,5,5
787,6,5
786,6,5
785,6,5
784,5,5
3437,5,5
621,5,5
3438,5,5
781,6,5
780,4,5
670,6,5
3439,5,5
3937,5,5
4409,7,6
4519,6,6
4468,6,6
4448,5,6
4463,6,6
4428,6,6
4588,5,6
4422,6,6
4587,6,6
4525,6,6
4524,6,6
4586,6,6
4458,7,6
4459,5,6
4523,5,6
4526,6,6
4460,6,6
4585,6,6
4424,6,6
4584,6,6
4581,6,6
4583,6,6
4421,6,6
4420,6,6
4461,6,6
4419,6,6
4425,6,6
4527,6,6
4418,6,6
4417,6,6
4426,6,6
4427,5,6
4414,7,6
4466,5,6
4467,5,6
4412,7,6
4582,6,6
4469,6,6
4436,6,6
4429,6,6
4494,6,6
4565,5,6
4441,6,6
4396,5,6
4453,6,6
4495,6,6
4397,5,6
4496,6,6
4566,5,6
4482,6,6
4567,5,6
4568,6,6
4499,6,6
4549,5,6
4569,6,6
4548,5,6
4570,6,6
4547,6,6
4500,6,6
4398,5,6
4498,5,6
4546,6,6
4564,7,6
4563,7,6
4489,6,6
4487,6,6
4490,6,6
4447,6,6
4445,6,6
4556,5,6
4486,6,6
4491,6,6
4449,6,6
4550,6,6
4558,6,6
4450,6,6
4559,7,6
4444,6,6
4554,6,6
4492,6,6
4493,6,6
4561,6,6
4551,6,6
4562,7,6
4485,6,6
4399,5,6
4502,6,6
4400,5,6
4435,6,6
4539,5,6
4538,6,6
4472,5,6
4576,5,6
4515,6,6
4434,6,6
4577,6,6
4534,6,6
4513,6,6
4533,5,6
4532,6,6
4516,6,6
4432,6,6
4406,7,6
4517,6,6
4578,7,6
4579,6,6
4470,6,6
4407,6,6
4471,6,6
4541,6,6
4575,7,6
4542,5,6
4504,5,6
4571,7,6
4401,6,6
4572,7,6
4505,5,6
4506,6,6
4402,6,6
4476,6,6
4573,6,6
4545,6,6
4507,5,6
4543,5,6
4508,4,6
4475,6,6
4511,6,6
4454,6,6
4438,5,6
4474,6,6
4437,6,6
4488,6,6
4512,6,6
4580,6,6
4423,6,6
0,6,6
4394,6,6
3959,6,6
3963,7,6
3965,4,6
3966,6,6
3969,6,6
3970,7,6
3971,6,6
3972,6,6
3977,6,6
3978,7,6
3979,6,6
3958,6,6
3980,5,6
3983,6,6
3985,6,6
3986,6,6
3987,6,6
3988,6,6
3989,6,6
3990,6,6
3992,7,6
3993,7,6
3994,7,6
3995,5,6
3981,7,6
3957,5,6
3956,5,6
3955,6,6
3913,6,6
3914,7,6
3919,6,6
3920,6,6
3922,7,6
3926,6,6
3927,5,6
3930,6,6
3931,6,6
3932,8,6
3933,4,6
3934,6,6
3936,6,6
3938,6,6
3939,6,6
3941,5,6
3942,6,6
3943,6,6
3944,6,6
3945,6,6
3946,6,6
3948,5,6
3950,5,6
3952,6,6
3953,7,6
3996,7,6
3997,7,6
3998,6,6
3999,6,6
4047,6,6
4048,6,6
4049,6,6
4050,7,6
4051,6,6
4053,7,6
4054,7,6
4055,6,6
4056,5,6
4057,6,6
4058,6,6
4059,6,6
4062,6,6
4063,5,6
4064,5,6
4066,6,6
4068,6,6
4069,6,6
4070,5,6
4071,6,6
4072,7,6
4075,6,6
4076,5,6
4077,6,6
4078,6,6
4046,7,6
3911,6,6
4045,7,6
4043,7,6
4000,6,6
4002,6,6
4003,6,6
4004,7,6
4005,6,6
4006,6,6
4008,6,6
4009,6,6
4010,6,6
4011,7,6
4012,6,6
4014,6,6
4017,6,6
4018,6,6
4023,6,6
4024,6,6
4026,6,6
4028,6,6
4029,6,6
4030,5,6
4032,5,6
4033,6,6
4034,5,6
4035,6,6
4042,7,6
4044,7,6
4079,6,6
3909,7,6
3907,7,6
3770,4,6
3771,6,6
3772,6,6
3776,5,6
3778,7,6
3781,6,6
3782,6,6
3784,6,6
3792,6,6
3794,5,6
3795,6,6
3768,6,6
3796,6,6
3799,5,6
3801,6,6
3802,5,6
3803,6,6
3805,6,6
3807,5,6
3808,6,6
3809,6,6
3810,3,6
3811,5,6
3812,5,6
3798,5,6
3763,5,6
3762,5,6
3761,7,6
3730,6,6
3731,6,6
3735,6,6
3737,5,6
3738,6,6
3739,7,6
3740,7,6
3741,7,6
3742,7,6
3743,7,6
3744,7,6
3745,7,6
3746,5,6
3747,6,6
3749,6,6
3750,7,6
3751,5,6
3752,5,6
3753,5,6
3755,6,6
3756,5,6
3757,5,6
3758,5,6
3759,6,6
3760,6,6
3813,5,6
3814,5,6
3817,6,6
3818,6,6
3871,6,6
3875,7,6
3876,5,6
3877,5,6
3880,6,6
3881,6,6
3882,5,6
3883,6,6
3884,6,6
3885,6,6
3886,6,6
3887,6,6
3888,6,6
3889,6,6
3890,6,6
3891,5,6
3892,5,6
3894,6,6
3895,6,6
3896,6,6
3897,6,6
3898,7,6
3899,5,6
3902,6,6
3903,6,6
3870,6,6
3908,7,6
3869,6,6
3866,6,6
3819,6,6
3820,5,6
3821,6,6
3822,6,6
3824,7,6
3826,6,6
3827,5,6
3828,6,6
3830,7,6
3833,6,6
3836,6,6
3837,6,6
3840,6,6
3841,6,6
3842,6,6
3844,6,6
3848,6,6
3849,5,6
3852,6,6
3855,6,6
3856,6,6
3857,6,6
3861,6,6
3862,6,6
3863,6,6
3868,6,6
4080,6,6
4081,6,6
4082,6,6
4281,5,6
4282,5,6
4283,6,6
4284,6,6
4285,6,6
4286,6,6
4288,6,6
4289,6,6
4290,5,6
4291,5,6
4292,6,6
4280,6,6
4293,5,6
4295,5,6
4296,6,6
4297,6,6
4298,6,6
4299,6,6
4300,5,6
4302,6,6
4303,6,6
4304,6,6
4305,6,6
4306,6,6
4294,5,6
4279,6,6
4278,4,6
4277,5,6
4247,6,6
4248,6,6
4249,6,6
4250,6,6
4251,6,6
4252,6,6
4253,4,6
4254,5,6
4257,5,6
4258,6,6
4259,6,6
4260,6,6
4261,7,6
4262,6,6
4263,6,6
4264,6,6
4265,6,6
4266,7,6
4267,7,6
4268,6,6
4270,6,6
4272,6,6
4273,6,6
4274,6,6
4275,6,6
4307,7,6
4308,6,6
4310,6,6
4311,5,6
4354,6,6
4356,5,6
4357,6,6
4360,5,6
4361,6,6
4362,6,6
4364,6,6
4365,5,6
4366,6,6
4368,6,6
4369,6,6
4372,6,6
4373,6,6
4375,6,6
4377,6,6
4380,6,6
4381,6,6
4382,6,6
4383,6,6
4386,6,6
4387,6,6
4388,6,6
4389,4,6
4391,5,6
4393,6,6
4353,6,6
4246,6,6
4352,5,6
4347,7,6
4312,6,6
4313,6,6
4314,7,6
4317,7,6
4318,7,6
4321,6,6
4322,7,6
4323,6,6
4324,6,6
4328,5,6
4332,8,6
4333,8,6
4334,8,6
4335,8,6
4336,8,6
4337,8,6
4338,8,6
4339,8,6
4340,8,6
4341,6,6
4342,6,6
4343,6,6
4344,6,6
4345,6,6
4346,6,6
4350,6,6
4243,6,6
4242,7,6
4241,6,6
4127,5,6
4128,5,6
4130,6,6
4133,6,6
4135,5,6
4138,6,6
4139,7,6
4140,6,6
4141,6,6
4142,6,6
4143,6,6
4144,6,6
4145,6,6
4146,7,6
4147,7,6
4148,6,6
4149,7,6
4151,6,6
4152,6,6
4157,7,6
4158,7,6
4159,7,6
4160,7,6
4161,7,6
4162,7,6
4126,5,6
4164,5,6
4125,5,6
4123,6,6
4084,8,6
4085,6,6
4087,6,6
4088,6,6
4090,6,6
4091,6,6
4097,6,6
4098,5,6
4100,6,6
4103,7,6
4104,7,6
4105,7,6
4106,5,6
4107,6,6
4108,6,6
4109,6,6
4110,5,6
4111,6,6
4112,6,6
4113,6,6
4114,6,6
4115,6,6
4118,8,6
4119,7,6
4121,6,6
4124,7,6
4395,5,6
4165,7,6
4168,6,6
4206,6,6
4207,7,6
4208,6,6
4209,6,6
4210,6,6
4211,6,6
4218,6,6
4220,6,6
4221,6,6
4223,4,6
4224,7,6
4225,5,6
4226,7,6
4227,7,6
4229,6,6
4230,6,6
4231,6,6
4232,6,6
4233,6,6
4234,6,6
4235,5,6
4236,5,6
4237,5,6
4238,5,6
4240,6,6
4205,6,6
4166,7,6
4204,6,6
4200,6,6
4169,7,6
4589,6,6
4170,7,6
4171,5,6
4172,6,6
4173,5,6
4174,6,6
4175,7,6
4176,6,6
4177,6,6
4178,7,6
4181,6,6
4183,7,6
4186,5,6
4187,6,6
4188,6,6
4190,6,6
4191,5,6
4192,6,6
4193,6,6
4194,6,6
4195,8,6
4196,6,6
4197,5,6
4199,6,6
4201,6,6
4590,6,6
5190,6,6
4592,6,6
5915,6,6
5916,6,6
5918,6,6
5919,6,6
5921,6,6
5922,7,6
5924,6,6
5925,5,6
5926,6,6
5927,7,6
5928,7,6
5929,7,6
5931,6,6
5933,7,6
5934,7,6
5937,6,6
5940,6,6
5942,6,6
5943,6,6
5944,6,6
5945,5,6
5946,6,6
5947,6,6
5948,5,6
5950,5,6
5912,6,6
5909,6,6
5908,7,6
5907,5,6
5858,6,6
5861,6,6
5862,6,6
5863,6,6
5864,7,6
5866,6,6
5870,7,6
5871,5,6
5876,7,6
5877,5,6
5878,6,6
5880,6,6
5954,7,6
5881,6,6
5883,6,6
5884,7,6
5887,6,6
5893,6,6
5894,7,6
5895,7,6
5897,6,6
5898,7,6
5899,7,6
5901,7,6
5902,5,6
5903,7,6
5882,5,6
5857,5,6
5956,7,6
5958,6,6
6013,6,6
6014,6,6
6015,6,6
6016,6,6
6017,5,6
6018,8,6
6019,6,6
6020,6,6
6021,6,6
6022,4,6
6023,7,6
6024,6,6
6025,6,6
6027,6,6
6028,6,6
6031,7,6
6033,6,6
6034,6,6
6035,6,6
6039,6,6
6040,6,6
6041,6,6
6042,5,6
6043,6,6
6044,6,6
6012,6,6
6011,6,6
6010,6,6
6009,7,6
5960,6,6
5961,6,6
5962,6,6
5964,7,6
5967,5,6
5971,6,6
5973,7,6
5975,5,6
5976,5,6
5978,6,6
5981,6,6
5985,6,6
5957,7,6
5986,7,6
5988,8,6
5989,6,6
5990,6,6
5996,7,6
5999,6,6
6000,6,6
6001,6,6
6002,6,6
6003,5,6
6004,6,6
6007,6,6
6008,6,6
5987,7,6
5856,7,6
5855,6,6
5854,6,6
5692,6,6
5695,7,6
5696,6,6
5697,6,6
5709,6,6
5710,5,6
5711,4,6
5712,6,6
5713,5,6
5714,6,6
5715,6,6
5719,7,6
5723,5,6
5724,7,6
5725,5,6
5726,8,6
5727,6,6
5728,4,6
5729,6,6
5730,3,6
5731,4,6
5734,7,6
5735,7,6
5736,7,6
5738,7,6
5691,5,6
5676,5,6
5675,6,6
5674,6,6
5555,7,6
5556,6,6
5558,6,6
5561,6,6
5562,5,6
5564,6,6
5565,6,6
5567,6,6
5568,5,6
5572,6,6
5573,5,6
5574,6,6
5740,6,6
5593,6,6
5605,5,6
5606,6,6
5607,6,6
5620,5,6
5624,6,6
5627,6,6
5638,6,6
5643,6,6
5646,6,6
5647,6,6
5671,6,6
5672,6,6
5597,6,6
5742,6,6
5751,6,6
5752,6,6
5804,5,6
5806,6,6
5807,6,6
5808,6,6
5809,6,6
5810,6,6
5812,6,6
5815,6,6
5816,6,6
5817,6,6
5818,5,6
5819,6,6
5802,7,6
5820,6,6
5822,5,6
5823,7,6
5824,6,6
5826,5,6
5833,6,6
5834,6,6
5835,4,6
5839,7,6
5843,7,6
5850,7,6
5852,6,6
5853,5,6
5821,6,6
6045,7,6
5801,7,6
5799,7,6
5753,7,6
5754,6,6
5755,7,6
5756,7,6
5757,6,6
5759,6,6
5764,6,6
5765,6,6
5766,6,6
5767,6,6
5768,6,6
5769,5,6
5800,7,6
5770,4,6
5772,7,6
5774,4,6
5775,6,6
5779,6,6
5780,6,6
5783,5,6
5785,7,6
5786,6,6
5788,5,6
5790,6,6
5793,6,6
5795,6,6
5771,7,6
6046,6,6
6047,6,6
6049,6,6
6353,6,6
6354,6,6
6356,5,6
6358,6,6
6360,6,6
6361,6,6
6364,7,6
6366,7,6
6369,5,6
6370,6,6
6371,5,6
6377,5,6
6379,5,6
6381,5,6
6382,4,6
6385,5,6
6387,6,6
6388,6,6
6390,5,6
6392,7,6
6393,6,6
6395,6,6
6397,6,6
6401,6,6
6402,6,6
6352,6,6
6350,7,6
6349,7,6
6348,7,6
6301,8,6
6302,6,6
6305,6,6
6307,6,6
6308,6,6
6309,6,6
6312,5,6
6313,5,6
6314,5,6
6320,6,6
6321,4,6
6322,6,6
6404,6,6
6323,6,6
6325,5,6
6326,5,6
6328,5,6
6330,6,6
6331,7,6
6337,6,6
6338,7,6
6340,5,6
6341,5,6
6342,6,6
6344,5,6
6347,8,6
6324,6,6
6405,6,6
6406,6,6
6408,6,6
6464,6,6
6467,6,6
6468,6,6
6469,6,6
6471,6,6
6472,6,6
6473,6,6
6474,6,6
6475,6,6
6476,6,6
6477,5,6
6478,6,6
6463,6,6
6479,5,6
6482,7,6
6483,6,6
6484,6,6
6485,6,6
6486,6,6
6488,6,6
6489,6,6
6490,6,6
6491,6,6
6492,5,6
6493,6,6
6494,6,6
6480,5,6
6297,6,6
6455,6,6
6452,6,6
6411,6,6
6414,5,6
6415,6,6
6416,5,6
6418,6,6
6420,5,6
6421,5,6
6422,6,6
6423,5,6
6425,6,6
6426,6,6
6428,6,6
6453,7,6
6430,6,6
6434,6,6
6436,5,6
6437,5,6
6438,6,6
6439,7,6
6440,6,6
6441,6,6
6444,5,6
6445,5,6
6446,5,6
6447,8,6
6450,6,6
6432,7,6
5551,6,6
6289,5,6
6278,6,6
6107,7,6
6108,6,6
6110,6,6
6111,6,6
6113,6,6
6116,6,6
6117,6,6
6118,6,6
6119,6,6
6122,6,6
6126,7,6
6132,6,6
6133,4,6
6135,6,6
6137,4,6
6140,6,6
6142,6,6
6143,5,6
6145,5,6
6146,6,6
6147,6,6
6148,6,6
6152,5,6
6153,5,6
6155,6,6
6106,7,6
6104,7,6
6103,7,6
6102,7,6
6051,6,6
6052,6,6
6054,7,6
6056,6,6
6057,5,6
6058,7,6
6059,6,6
6066,6,6
6067,6,6
6068,6,6
6069,6,6
6073,6,6
6156,6,6
6074,4,6
6076,5,6
6077,6,6
6078,6,6
6079,5,6
6080,6,6
6083,6,6
6084,5,6
6085,6,6
6088,6,6
6096,6,6
6099,7,6
6100,8,6
6075,7,6
6157,6,6
6159,4,6
6162,6,6
6219,6,6
6220,5,6
6221,7,6
6222,6,6
6223,6,6
6224,6,6
6225,6,6
6233,6,6
6237,6,6
6238,6,6
6239,6,6
6240,6,6
6215,6,6
6241,6,6
6244,5,6
6247,5,6
6249,6,6
6255,6,6
6257,6,6
6258,5,6
6260,6,6
6262,6,6
6269,6,6
6272,3,6
6275,6,6
6277,6,6
6242,5,6
6288,6,6
6214,6,6
6211,6,6
6163,6,6
6164,6,6
6168,6,6
6169,6,6
6170,5,6
6172,6,6
6174,4,6
6177,7,6
6178,6,6
6179,6,6
6180,6,6
6182,5,6
6212,6,6
6183,5,6
6185,5,6
6188,5,6
6189,6,6
6190,6,6
6192,6,6
6195,6,6
6196,6,6
6198,6,6
6199,6,6
6201,5,6
6205,4,6
6209,6,6
6184,6,6
4591,6,6
5547,6,6
5545,4,6
4801,7,6
4803,7,6
4804,4,6
4805,6,6
4806,6,6
4807,6,6
4809,6,6
4811,6,6
4812,7,6
4814,6,6
4816,6,6
4817,6,6
4819,6,6
4821,6,6
4822,6,6
4823,7,6
4824,5,6
4825,6,6
4826,6,6
4827,6,6
4828,5,6
4829,7,6
4830,6,6
4832,5,6
4833,6,6
4800,7,6
4799,6,6
4798,5,6
4797,6,6
4758,6,6
4759,6,6
4760,6,6
4761,6,6
4762,7,6
4763,7,6
4764,6,6
4766,8,6
4767,7,6
4768,6,6
4769,6,6
4770,6,6
4835,6,6
4771,6,6
4774,4,6
4775,6,6
4776,6,6
4777,6,6
4778,6,6
4784,5,6
4785,7,6
4788,5,6
4789,6,6
4790,6,6
4795,7,6
4796,7,6
4773,7,6
4755,6,6
4837,6,6
4839,4,6
4882,5,6
4883,6,6
4887,7,6
4889,6,6
4890,6,6
4891,6,6
4892,5,6
4893,6,6
4896,7,6
4897,6,6
4922,6,6
4934,6,6
4935,7,6
4940,6,6
4943,4,6
4966,5,6
4967,6,6
4982,6,6
4984,6,6
4989,6,6
4990,5,6
4993,6,6
5011,6,6
5013,6,6
5016,6,6
4881,6,6
4876,7,6
4874,6,6
4873,6,6
4840,7,6
4841,6,6
4842,6,6
4843,5,6
4844,6,6
4846,6,6
4847,7,6
4848,6,6
4850,6,6
4852,5,6
4853,5,6
4854,6,6
4838,6,6
4855,6,6
4857,6,6
4859,6,6
4860,6,6
4861,6,6
4862,6,6
4865,6,6
4866,6,6
4867,6,6
4868,6,6
4869,6,6
4870,7,6
4871,6,6
4856,6,6
4754,6,6
4752,7,6
4751,6,6
4635,6,6
4637,6,6
4639,6,6
4640,6,6
4641,6,6
4642,7,6
4643,6,6
4644,6,6
4646,7,6
4647,7,6
4653,7,6
4654,7,6
4655,7,6
4656,7,6
4657,7,6
4659,6,6
4660,6,6
4661,5,6
4662,6,6
4663,7,6
4664,7,6
4665,6,6
4667,7,6
4668,7,6
4669,5,6
4634,6,6
4633,6,6
4632,6,6
4631,7,6
4593,6,6
4595,6,6
4597,6,6
4598,6,6
4599,7,6
4601,6,6
4602,6,6
4603,6,6
4604,6,6
4605,6,6
4606,5,6
4607,6,6
4670,6,6
4608,7,6
4611,5,6
4613,5,6
4615,7,6
4616,5,6
4618,7,6
4620,6,6
4621,7,6
4626,6,6
4627,6,6
4628,6,6
4629,7,6
4630,7,6
4610,6,6
4673,7,6
4674,7,6
4675,6,6
4717,6,6
4718,6,6
4719,6,6
4720,5,6
4721,6,6
4722,6,6
4724,6,6
4725,6,6
4727,6,6
4728,6,6
4730,5,6
4731,6,6
4716,6,6
4732,6,6
4734,6,6
4735,6,6
4736,6,6
4737,7,6
4739,6,6
4741,6,6
4742,6,6
4743,5,6
4744,5,6
4746,6,6
4747,6,6
4750,5,6
4733,6,6
5019,6,6
4715,6,6
4713,6,6
4676,6,6
4677,7,6
4678,6,6
4681,6,6
4682,6,6
4683,6,6
4684,6,6
4685,5,6
4687,6,6
4688,6,6
4689,6,6
4690,6,6
4714,7,6
4691,7,6
4694,7,6
4698,6,6
4699,5,6
4700,5,6
4703,7,6
4705,6,6
4706,7,6
4707,6,6
4708,6,6
4710,7,6
4711,6,6
4712,6,6
4693,6,6
5026,7,6
5029,5,6
5030,5,6
5364,6,6
5368,5,6
5369,6,6
5370,6,6
5371,5,6
5372,6,6
5374,5,6
5377,6,6
5378,5,6
5382,6,6
5386,7,6
5387,6,6
5391,6,6
5392,6,6
5393,8,6
5395,5,6
5396,8,6
5397,6,6
5401,7,6
5402,7,6
5404,7,6
5405,6,6
5407,7,6
5408,5,6
5411,7,6
5363,5,6
5362,6,6
5360,5,6
5358,6,6
5303,6,6
5304,6,6
5305,7,6
5306,6,6
5314,6,6
5316,6,6
5318,7,6
5319,7,6
5323,7,6
5324,6,6
5327,6,6
5330,6,6
5412,7,6
5332,6,6
5336,6,6
5338,8,6
5339,6,6
5341,7,6
5344,5,6
5345,5,6
5347,6,6
5348,6,6
5351,7,6
5352,5,6
5353,8,6
5356,7,6
5335,6,6
5414,6,6
5415,3,6
5416,6,6
5467,6,6
5468,6,6
5469,6,6
5470,5,6
5472,6,6
5473,6,6
5481,7,6
5482,7,6
5484,7,6
5486,8,6
5487,7,6
5489,6,6
5466,6,6
5494,6,6
5497,6,6
5506,6,6
5507,6,6
5510,6,6
5511,5,6
5515,6,6
5516,5,6
5517,5,6
5521,6,6
5530,6,6
5537,6,6
5543,7,6
5495,6,6
5301,6,6
5465,6,6
5463,5,6
5418,6,6
5425,6,6
5428,6,6
5429,5,6
5430,5,6
5431,6,6
5432,6,6
5433,6,6
5435,6,6
5436,7,6
5437,5,6
5439,6,6
5464,6,6
5441,6,6
5444,6,6
5445,6,6
5446,6,6
5447,6,6
5449,6,6
5450,6,6
5454,6,6
5456,6,6
5457,6,6
5458,5,6
5461,6,6
5462,6,6
5442,6,6
5546,7,6
5300,6,6
5296,6,6
5157,7,6
5158,5,6
5160,5,6
5161,5,6
5162,5,6
5163,7,6
5166,6,6
5167,6,6
5168,6,6
5169,6,6
5170,5,6
5173,6,6
5174,6,6
5175,6,6
5177,7,6
5178,6,6
5181,7,6
5184,6,6
5185,6,6
5186,7,6
5188,7,6
5191,6,6
5192,6,6
5193,5,6
5198,6,6
5154,5,6
5152,6,6
5150,5,6
5149,6,6
5040,6,6
5042,6,6
5048,6,6
5060,6,6
5071,6,6
5073,5,6
5095,6,6
5098,7,6
5100,5,6
5103,7,6
5104,7,6
5107,7,6
5199,6,6
5108,6,6
5114,5,6
5123,6,6
5126,6,6
5128,7,6
5129,6,6
5130,6,6
5139,6,6
5141,7,6
5142,7,6
5143,6,6
5147,6,6
5148,6,6
5110,6,6
5200,5,6
5205,6,6
5206,6,6
5253,6,6
5254,5,6
5255,7,6
5256,7,6
5257,6,6
5259,6,6
5261,5,6
5262,7,6
5264,7,6
5269,6,6
5270,6,6
5272,6,6
5252,6,6
5273,7,6
5276,6,6
5277,6,6
5278,6,6
5279,6,6
5280,6,6
5281,6,6
5283,6,6
5287,7,6
5289,6,6
5292,5,6
5293,7,6
5295,6,6
5274,6,6
5299,6,6
5251,5,6
5248,6,6
5212,5,6
5213,6,6
5216,7,6
5218,7,6
5222,6,6
5223,6,6
5224,7,6
5225,5,6
5226,6,6
5227,5,6
5228,6,6
5229,6,6
5249,6,6
5231,5,6
5233,7,6
5235,5,6
5236,6,6
5237,7,6
5238,6,6
5239,6,6
5240,6,6
5241,6,6
5242,6,6
5244,7,6
5245,6,6
5247,6,6
5232,7,6
3727,7,6
3248,7,6
3725,6,6
1447,6,6
1446,6,6
1445,6,6
1444,6,6
1443,6,6
1437,7,6
1435,5,6
1448,6,6
1434,5,6
1432,7,6
1431,5,6
1429,5,6
1428,7,6
1427,5,6
1426,6,6
1425,6,6
1433,6,6
1424,6,6
1449,6,6
1452,6,6
1473,6,6
1472,5,6
1471,6,6
1470,7,6
1467,7,6
1466,6,6
1465,5,6
1450,6,6
1463,6,6
1461,6,6
1460,6,6
1459,6,6
1458,6,6
1457,6,6
1456,6,6
1453,7,6
1462,6,6
1423,4,6
1422,5,6
1421,6,6
1395,7,6
1393,6,6
1391,6,6
1390,6,6
1389,6,6
1388,7,6
1385,5,6
1396,7,6
1384,6,6
1378,7,6
1377,6,6
1376,6,6
1375,7,6
1374,7,6
1373,6,6
1372,6,6
1383,6,6
1397,7,6
1398,7,6
1399,6,6
1420,4,6
1419,7,6
1418,5,6
1417,3,6
1416,6,6
1414,6,6
1413,6,6
1412,8,6
1411,6,6
1410,6,6
1409,6,6
1408,7,6
1407,6,6
1406,8,6
1403,8,6
1402,8,6
1400,7,6
1475,6,6
1371,7,6
1476,5,6
1479,6,6
1556,6,6
1555,7,6
1554,7,6
1553,7,6
1552,7,6
1551,6,6
1550,6,6
1557,6,6
1549,6,6
1545,6,6
1543,6,6
1542,6,6
1540,6,6
1539,6,6
1538,6,6
1535,6,6
1546,6,6
1534,6,6
1560,6,6
1563,6,6
1583,5,6
1582,7,6
1581,6,6
1578,5,6
1576,6,6
1575,6,6
1574,4,6
1562,7,6
1573,5,6
1571,6,6
1570,5,6
1569,5,6
1568,6,6
1567,5,6
1566,5,6
1565,6,6
1572,6,6
1533,6,6
1532,7,6
1531,7,6
1501,5,6
1500,7,6
1499,6,6
1498,6,6
1497,7,6
1495,7,6
1494,8,6
1504,8,6
1493,8,6
1491,5,6
1490,6,6
1487,6,6
1486,6,6
1482,6,6
1481,6,6
1480,6,6
1492,5,6
1505,7,6
1506,6,6
1507,6,6
1528,6,6
1527,6,6
1526,6,6
1523,6,6
1522,5,6
1520,6,6
1519,5,6
1518,6,6
1517,6,6
1516,6,6
1515,6,6
1514,7,6
1513,6,6
1512,7,6
1511,6,6
1509,5,6
1508,6,6
1478,6,6
1589,6,6
1368,6,6
1365,7,6
1209,6,6
1208,6,6
1206,6,6
1204,6,6
1203,6,6
1201,7,6
1200,6,6
1212,6,6
1199,7,6
1196,7,6
1195,6,6
1192,6,6
1191,7,6
1190,6,6
1188,6,6
1187,8,6
1198,6,6
1183,6,6
1213,6,6
1216,8,6
1240,6,6
1237,5,6
1236,6,6
1235,5,6
1234,6,6
1233,6,6
1229,3,6
1215,5,6
1228,6,6
1226,7,6
1225,6,6
1224,7,6
1223,5,6
1220,6,6
1219,8,6
1218,8,6
1227,5,6
1182,5,6
1179,5,6
1177,6,6
1131,6,6
1129,7,6
1128,5,6
1127,7,6
1126,7,6
1122,7,6
1120,6,6
1137,8,6
1117,5,6
1113,5,6
1112,6,6
1111,6,6
1108,7,6
1106,8,6
1105,7,6
1103,5,6
1115,8,6
1139,5,6
1140,6,6
1143,5,6
1174,6,6
1173,5,6
1172,6,6
1170,6,6
1169,6,6
1168,5,6
1167,6,6
1165,5,6
1163,6,6
1162,7,6
1160,6,6
1158,6,6
1155,4,6
1154,4,6
1153,6,6
1148,6,6
1144,5,6
1241,7,6
1366,6,6
1244,5,6
1247,6,6
1336,8,6
1335,6,6
1334,6,6
1332,7,6
1331,6,6
1328,6,6
1327,6,6
1337,5,6
1325,7,6
1323,5,6
1322,6,6
1320,6,6
1318,6,6
1317,5,6
1316,6,6
1315,6,6
1324,6,6
1311,6,6
1338,5,6
1340,6,6
1364,5,6
1362,7,6
1361,7,6
1360,6,6
1359,7,6
1358,8,6
1356,6,6
1339,6,6
1355,5,6
1353,5,6
1352,6,6
1348,8,6
1347,7,6
1346,7,6
1344,8,6
1342,6,6
1354,5,6
1308,6,6
1306,8,6
1305,7,6
1276,7,6
1270,7,6
1267,7,6
1266,8,6
1265,7,6
1264,5,6
1263,6,6
1278,6,6
1262,6,6
1257,6,6
1256,6,6
1255,6,6
1254,5,6
1253,7,6
1250,7,6
1248,7,6
1261,6,6
1279,6,6
1280,6,6
1281,7,6
1303,6,6
1302,6,6
1301,5,6
1300,6,6
1299,5,6
1296,6,6
1295,6,6
1294,4,6
1293,4,6
1292,6,6
1291,6,6
1289,6,6
1287,7,6
1286,7,6
1285,6,6
1284,7,6
1283,8,6
1246,7,6
1590,6,6
1591,6,6
1592,6,6
1952,7,6
1950,5,6
1948,7,6
1945,6,6
1943,5,6
1938,5,6
1937,7,6
1953,6,6
1936,6,6
1934,6,6
1930,6,6
1929,5,6
1928,6,6
1927,5,6
1926,6,6
1925,6,6
1935,5,6
1922,5,6
1954,5,6
1957,6,6
1989,7,6
1988,6,6
1987,5,6
1986,6,6
1985,6,6
1984,8,6
1983,8,6
1956,5,6
1982,8,6
1980,8,6
1977,6,6
1976,5,6
1975,6,6
1968,6,6
1967,7,6
1966,6,6
1981,8,6
1921,5,6
1920,7,6
1919,6,6
1877,6,6
1876,6,6
1874,5,6
1871,6,6
1870,6,6
1869,7,6
1868,7,6
1878,6,6
1867,6,6
1864,6,6
1862,7,6
1861,6,6
1860,6,6
1859,6,6
1855,6,6
1854,7,6
1866,6,6
1879,6,6
1881,6,6
1884,5,6
1917,6,6
1915,7,6
1914,6,6
1912,6,6
1911,6,6
1909,5,6
1908,7,6
1906,5,6
1904,6,6
1902,6,6
1901,5,6
1900,6,6
1898,6,6
1895,6,6
1889,5,6
1887,5,6
1885,6,6
1991,8,6
1852,7,6
3726,7,6
1994,6,6
2077,6,6
2075,5,6
2074,6,6
2073,5,6
2072,5,6
2071,6,6
2069,7,6
2078,6,6
2068,6,6
2064,6,6
2063,5,6
2062,5,6
2061,6,6
2060,5,6
2055,6,6
2054,5,6
2066,5,6
2053,5,6
2081,5,6
2083,5,6
2109,6,6
2108,6,6
2107,6,6
2106,5,6
2104,5,6
2101,6,6
2099,5,6
2082,6,6
2098,6,6
2094,5,6
2093,5,6
2089,6,6
2088,6,6
2087,6,6
2085,6,6
2084,6,6
2095,5,6
2050,3,6
2049,7,6
2044,6,6
2013,6,6
2012,5,6
2011,5,6
2010,6,6
2008,5,6
2007,6,6
2006,6,6
2014,5,6
2005,6,6
2003,6,6
2002,6,6
1999,6,6
1998,6,6
1997,6,6
1996,6,6
1995,6,6
2004,6,6
2015,6,6
2017,5,6
2018,7,6
2043,6,6
2042,6,6
2041,5,6
2040,6,6
2038,5,6
2037,5,6
2036,6,6
2033,5,6
2032,6,6
2031,5,6
2028,6,6
2026,5,6
2025,5,6
2023,6,6
2021,6,6
2020,6,6
2019,6,6
1993,6,6
1851,6,6
1850,7,6
1849,6,6
1686,5,6
1684,7,6
1681,6,6
1679,5,6
1678,6,6
1677,6,6
1676,7,6
1687,7,6
1674,6,6
1670,6,6
1668,7,6
1667,6,6
1665,8,6
1663,6,6
1662,7,6
1661,6,6
1671,7,6
1657,6,6
1688,3,6
1692,6,6
1719,6,6
1716,6,6
1715,8,6
1712,6,6
1711,5,6
1706,6,6
1705,6,6
1689,6,6
1701,5,6
1699,6,6
1698,6,6
1697,6,6
1696,6,6
1695,6,6
1694,6,6
1693,5,6
1700,6,6
1656,5,6
1653,6,6
1652,4,6
1620,7,6
1619,8,6
1615,6,6
1614,5,6
1613,7,6
1612,7,6
1610,6,6
1623,6,6
1609,7,6
1606,6,6
1603,7,6
1602,5,6
1601,6,6
1599,6,6
1598,6,6
1593,6,6
1607,7,6
1624,7,6
1625,6,6
1626,6,6
1650,7,6
1649,4,6
1648,5,6
1647,7,6
1646,6,6
1645,7,6
1643,7,6
1641,6,6
1639,5,6
1637,6,6
1635,6,6
1634,6,6
1633,7,6
1631,6,6
1630,5,6
1629,6,6
1628,6,6
1720,7,6
1721,7,6
1722,6,6
1723,8,6
1815,6,6
1814,7,6
1813,6,6
1812,6,6
1809,6,6
1807,6,6
1803,6,6
1816,7,6
1802,6,6
1798,6,6
1797,8,6
1796,5,6
1792,6,6
1789,7,6
1788,5,6
1786,7,6
1799,6,6
1818,6,6
1820,6,6
1821,5,6
1844,6,6
1843,6,6
1842,6,6
1841,7,6
1840,5,6
1837,7,6
1834,6,6
1833,7,6
1832,7,6
1831,7,6
1830,7,6
1829,7,6
1828,6,6
1827,6,6
1825,5,6
1823,6,6
1822,7,6
1785,6,6
1102,5,6
1784,7,6
1781,4,6
1746,5,6
1744,5,6
1743,6,6
1742,6,6
1741,6,6
1738,5,6
1737,6,6
1747,6,6
1735,6,6
1733,6,6
1731,6,6
1730,6,6
1729,6,6
1727,6,6
1726,6,6
1724,6,6
1734,6,6
1748,5,6
1749,6,6
1750,6,6
1780,5,6
1779,8,6
1778,8,6
1777,6,6
1775,6,6
1774,6,6
1773,6,6
1772,6,6
1771,6,6
1770,6,6
1763,6,6
1762,7,6
1761,6,6
1755,6,6
1754,6,6
1753,7,6
1751,7,6
1782,6,6
1101,6,6
1098,6,6
1097,7,6
368,6,6
366,6,6
364,7,6
363,6,6
362,6,6
360,6,6
359,6,6
369,5,6
356,6,6
353,7,6
351,7,6
350,7,6
349,5,6
348,6,6
347,6,6
346,7,6
355,6,6
345,6,6
371,6,6
375,7,6
397,6,6
396,5,6
393,6,6
392,6,6
391,5,6
390,7,6
389,7,6
374,7,6
388,6,6
385,7,6
384,7,6
380,7,6
379,7,6
378,6,6
377,7,6
376,7,6
386,7,6
344,6,6
343,5,6
342,6,6
314,5,6
313,6,6
312,6,6
311,8,6
310,7,6
309,6,6
308,7,6
315,6,6
303,6,6
301,6,6
300,6,6
299,6,6
298,6,6
297,7,6
293,7,6
291,6,6
302,6,6
316,6,6
317,5,6
318,7,6
340,7,6
339,7,6
338,5,6
336,6,6
335,6,6
334,5,6
333,5,6
332,6,6
331,5,6
329,5,6
327,6,6
326,6,6
323,6,6
322,6,6
321,5,6
320,7,6
319,6,6
399,6,6
290,7,6
400,6,6
409,5,6
498,5,6
495,6,6
494,6,6
493,6,6
492,6,6
491,7,6
490,6,6
501,6,6
488,6,6
486,6,6
485,6,6
482,5,6
481,6,6
479,6,6
477,6,6
476,7,6
487,6,6
475,5,6
504,6,6
507,7,6
530,6,6
529,6,6
528,6,6
526,4,6
524,5,6
523,6,6
522,6,6
505,6,6
519,5,6
517,6,6
515,6,6
514,7,6
513,6,6
512,6,6
511,6,6
509,7,6
518,6,6
474,6,6
473,7,6
472,6,6
426,6,6
425,6,6
424,7,6
423,6,6
422,6,6
421,6,6
420,7,6
432,7,6
419,6,6
416,6,6
415,6,6
414,6,6
413,5,6
412,5,6
411,6,6
410,6,6
418,6,6
436,5,6
438,7,6
440,7,6
471,5,6
466,6,6
460,5,6
457,5,6
456,7,6
455,6,6
454,7,6
453,7,6
452,7,6
451,5,6
449,7,6
448,6,6
447,6,6
446,5,6
445,3,6
444,6,6
441,6,6
408,6,6
289,7,6
288,7,6
287,7,6
105,6,6
104,5,6
101,5,6
100,5,6
97,7,6
95,6,6
94,7,6
106,5,6
87,6,6
81,6,6
80,6,6
78,5,6
77,7,6
76,7,6
75,5,6
74,8,6
83,6,6
72,5,6
107,6,6
109,5,6
139,6,6
138,7,6
136,6,6
135,5,6
131,7,6
130,5,6
129,6,6
108,6,6
128,7,6
126,5,6
125,6,6
124,6,6
122,5,6
121,5,6
117,6,6
116,6,6
127,7,6
69,5,6
68,8,6
64,6,6
26,6,6
25,6,6
22,8,6
21,7,6
20,8,6
18,6,6
17,8,6
27,6,6
15,7,6
10,5,6
9,6,6
7,6,6
5,6,6
4,6,6
3,6,6
2,6,6
12,5,6
28,6,6
30,6,6
31,6,6
59,6,6
56,6,6
55,6,6
54,6,6
53,6,6
52,7,6
51,7,6
50,6,6
49,5,6
45,7,6
41,6,6
40,6,6
37,6,6
35,5,6
34,5,6
33,6,6
32,6,6
140,5,6
142,6,6
143,6,6
144,6,6
246,7,6
245,6,6
243,6,6
242,7,6
241,5,6
239,6,6
238,7,6
247,7,6
236,6,6
234,6,6
233,6,6
232,6,6
231,6,6
228,6,6
227,6,6
226,6,6
235,6,6
248,7,6
249,5,6
250,4,6
281,8,6
280,8,6
279,7,6
276,6,6
275,6,6
265,5,6
264,6,6
262,5,6
261,5,6
260,6,6
259,4,6
258,6,6
257,7,6
256,7,6
255,8,6
253,3,6
251,3,6
224,6,6
531,5,6
223,6,6
220,5,6
170,6,6
167,7,6
166,6,6
165,5,6
164,5,6
163,6,6
162,5,6
171,6,6
159,8,6
156,6,6
155,6,6
153,5,6
151,6,6
150,7,6
146,6,6
145,6,6
158,8,6
173,7,6
174,5,6
175,6,6
219,5,6
216,5,6
214,7,6
213,6,6
212,5,6
211,7,6
210,5,6
206,5,6
204,4,6
196,5,6
195,6,6
194,5,6
193,5,6
192,6,6
187,5,6
186,6,6
176,4,6
222,7,6
2113,5,6
532,6,6
534,6,6
939,7,6
936,5,6
932,6,6
930,7,6
928,5,6
924,8,6
923,6,6
941,6,6
920,7,6
917,6,6
916,7,6
909,5,6
908,4,6
907,8,6
901,6,6
900,7,6
918,6,6
899,6,6
942,7,6
944,7,6
969,7,6
968,7,6
965,5,6
964,6,6
963,6,6
962,6,6
960,6,6
943,7,6
959,6,6
957,7,6
954,6,6
953,5,6
952,6,6
951,6,6
949,5,6
945,7,6
958,7,6
898,6,6
896,6,6
895,6,6
865,6,6
864,5,6
863,6,6
862,6,6
861,7,6
860,8,6
858,7,6
866,7,6
855,7,6
852,7,6
850,7,6
849,6,6
848,7,6
846,5,6
845,8,6
844,8,6
854,7,6
867,8,6
868,7,6
869,6,6
894,7,6
893,7,6
892,5,6
891,7,6
889,7,6
888,6,6
887,7,6
886,6,6
884,6,6
883,6,6
882,6,6
880,7,6
878,6,6
877,6,6
875,7,6
874,5,6
872,6,6
970,7,6
843,7,6
973,7,6
976,6,6
1067,7,6
1065,5,6
1064,6,6
1061,5,6
1060,7,6
1058,6,6
1056,6,6
1068,7,6
1052,5,6
1046,5,6
1045,5,6
1044,7,6
1039,5,6
1038,7,6
1036,5,6
1035,6,6
1051,6,6
1033,6,6
1069,6,6
1071,5,6
1096,6,6
1095,8,6
1093,7,6
1092,6,6
1091,6,6
1089,7,6
1088,6,6
1070,7,6
1087,8,6
1084,7,6
1083,6,6
1080,7,6
1077,5,6
1076,6,6
1073,5,6
1072,7,6
1086,8,6
1032,6,6
1030,6,6
1028,7,6
996,5,6
994,6,6
992,5,6
990,6,6
989,7,6
988,5,6
987,6,6
998,6,6
986,6,6
984,5,6
983,6,6
982,6,6
981,7,6
980,6,6
979,5,6
978,7,6
985,6,6
999,7,6
1003,7,6
1004,6,6
1026,6,6
1025,6,6
1024,6,6
1023,6,6
1022,8,6
1021,7,6
1020,7,6
1019,6,6
1018,6,6
1017,6,6
1012,6,6
1011,7,6
1010,6,6
1009,6,6
1008,7,6
1006,6,6
1005,6,6
974,6,6
842,7,6
841,7,6
840,7,6
635,6,6
634,6,6
632,6,6
629,6,6
625,8,6
623,5,6
622,6,6
636,7,6
619,6,6
617,6,6
616,7,6
611,6,6
609,6,6
607,5,6
606,5,6
605,6,6
618,6,6
604,6,6
640,7,6
647,6,6
690,4,6
689,7,6
686,7,6
684,5,6
679,7,6
678,7,6
677,7,6
642,6,6
673,6,6
668,6,6
667,6,6
664,6,6
658,5,6
656,6,6
655,6,6
653,6,6
671,6,6
601,6,6
599,7,6
598,8,6
560,7,6
559,6,6
555,7,6
554,7,6
552,7,6
551,7,6
548,7,6
565,6,6
547,6,6
545,6,6
543,6,6
542,6,6
540,4,6
539,6,6
538,5,6
537,6,6
546,6,6
566,6,6
567,5,6
568,6,6
597,6,6
595,7,6
591,6,6
589,6,6
588,7,6
587,7,6
585,6,6
584,7,6
583,6,6
581,5,6
578,7,6
577,7,6
576,6,6
575,6,6
574,7,6
573,7,6
571,7,6
696,6,6
703,6,6
704,6,6
707,6,6
798,6,6
797,6,6
793,7,6
791,7,6
788,7,6
783,8,6
782,7,6
799,8,6
779,8,6
776,6,6
775,6,6
774,9,6
772,7,6
771,7,6
770,7,6
769,7,6
778,7,6
803,7,6
804,6,6
814,6,6
839,7,6
838,8,6
837,8,6
836,8,6
834,6,6
833,6,6
831,4,6
830,6,6
829,7,6
828,7,6
827,9,6
826,6,6
825,6,6
824,5,6
823,6,6
822,5,6
816,5,6
768,7,6
533,6,6
767,6,6
763,6,6
730,6,6
728,5,6
727,5,6
724,7,6
723,8,6
722,6,6
721,5,6
731,6,6
719,7,6
717,5,6
715,7,6
714,6,6
713,5,6
712,6,6
711,6,6
708,6,6
718,7,6
732,7,6
733,6,6
736,6,6
761,6,6
760,6,6
757,6,6
755,7,6
753,6,6
752,6,6
751,6,6
750,6,6
749,6,6
748,6,6
747,6,6
746,6,6
745,6,6
742,6,6
741,6,6
740,3,6
738,7,6
765,6,6
2114,6,6
1992,5,6
2117,5,6
3178,6,6
3177,5,6
3176,6,6
3175,6,6
3174,8,6
3173,8,6
3179,4,6
3172,8,6
3170,6,6
3169,6,6
3168,6,6
3167,7,6
3165,6,6
3164,6,6
3171,6,6
3180,6,6
3181,6,6
3182,5,6
3199,7,6
3198,7,6
3197,6,6
3196,7,6
3195,6,6
3194,5,6
3193,5,6
3192,6,6
3191,6,6
3189,5,6
3188,8,6
3187,7,6
3185,6,6
3184,7,6
3183,6,6
3161,5,6
3160,6,6
3159,6,6
3156,5,6
3129,6,6
3128,6,6
3126,7,6
3125,5,6
3124,6,6
3123,5,6
3121,5,6
3119,5,6
3117,7,6
3116,7,6
3115,6,6
3114,6,6
3113,6,6
3112,5,6
3111,7,6
3130,6,6
3200,7,6
3132,6,6
3134,6,6
3153,6,6
3152,6,6
3151,6,6
3149,6,6
3148,6,6
3147,6,6
3146,6,6
3145,6,6
3144,6,6
3143,5,6
3142,6,6
3141,7,6
3138,6,6
3137,6,6
3136,5,6
3133,6,6
3110,6,6
3201,6,6
3205,7,6
3276,8,6
3274,5,6
3273,7,6
3272,7,6
3270,5,6
3267,6,6
3277,7,6
3266,6,6
3261,5,6
3260,6,6
3259,6,6
3258,6,6
3257,6,6
3256,6,6
3262,7,6
3279,6,6
3280,5,6
3281,6,6
3301,8,6
3300,5,6
3299,7,6
3298,6,6
3294,6,6
3293,7,6
3291,8,6
3290,5,6
3288,6,6
3287,7,6
3286,7,6
3285,7,6
3284,6,6
3283,6,6
3282,7,6
3255,6,6
3254,5,6
3253,8,6
3252,8,6
3225,7,6
3224,6,6
3223,6,6
3222,6,6
3221,6,6
3220,5,6
3216,5,6
3215,6,6
3214,6,6
3213,6,6
3212,5,6
3211,6,6
3209,5,6
3208,5,6
3207,6,6
3226,6,6
3203,7,6
3229,7,6
3231,6,6
3251,6,6
3250,6,6
3249,7,6
3247,6,6
3246,6,6
3243,7,6
3241,7,6
3240,6,6
3239,7,6
3237,7,6
3236,6,6
3235,6,6
3234,6,6
3233,6,6
3232,5,6
3230,6,6
3302,6,6
3109,4,6
3107,6,6
2984,6,6
2983,6,6
2982,6,6
2981,7,6
2980,7,6
2979,7,6
2985,7,6
2978,6,6
2976,6,6
2975,6,6
2974,6,6
2973,6,6
2972,6,6
2970,5,6
2977,6,6
2986,7,6
2987,7,6
2988,7,6
3004,6,6
3003,7,6
3002,7,6
3001,7,6
3000,7,6
2999,7,6
2998,7,6
2997,6,6
2996,8,6
2995,6,6
2994,7,6
2993,7,6
2992,7,6
2991,7,6
2989,6,6
2969,6,6
2968,5,6
2967,6,6
2966,6,6
2934,5,6
2933,6,6
2932,6,6
2931,8,6
2929,6,6
2928,7,6
2927,7,6
2926,8,6
2925,5,6
2924,6,6
2923,6,6
2921,6,6
2920,4,6
2919,5,6
2918,6,6
2935,4,6
3005,6,6
2936,5,6
2938,8,6
2964,5,6
2961,6,6
2960,7,6
2958,5,6
2957,6,6
2956,6,6
2955,5,6
2951,5,6
2947,6,6
2946,6,6
2944,6,6
2943,8,6
2941,5,6
2940,6,6
2939,8,6
2937,5,6
3108,5,6
3006,6,6
3012,6,6
3082,6,6
3081,5,6
3080,6,6
3079,5,6
3078,5,6
3075,7,6
3084,6,6
3074,5,6
3072,6,6
3071,7,6
3069,8,6
3068,6,6
3067,4,6
3065,6,6
3073,5,6
3085,6,6
3087,3,6
3088,6,6
3106,6,6
3105,6,6
3104,5,6
3103,7,6
3102,6,6
3101,6,6
3100,7,6
3099,7,6
3098,7,6
3097,5,6
3096,7,6
3093,7,6
3092,6,6
3090,6,6
3089,7,6
3063,5,6
3061,5,6
3060,5,6
3059,6,6
3029,8,6
3028,6,6
3027,5,6
3026,6,6
3025,7,6
3024,6,6
3023,6,6
3020,6,6
3019,6,6
3018,8,6
3017,6,6
3016,6,6
3015,6,6
3014,6,6
3013,6,6
3030,8,6
3011,6,6
3031,6,6
3033,6,6
3056,5,6
3055,6,6
3054,6,6
3053,5,6
3048,6,6
3047,5,6
3045,6,6
3044,6,6
2116,4,6
3043,6,6
3040,5,6
3038,6,6
3036,5,6
3035,7,6
3034,6,6
3032,5,6
3305,7,6
3307,3,6
3308,6,6
3584,7,6
3583,6,6
3582,6,6
3580,5,6
3579,7,6
3578,4,6
3585,7,6
3577,7,6
3575,7,6
3574,6,6
3573,6,6
3572,6,6
3570,6,6
3569,6,6
3576,5,6
3586,7,6
3587,6,6
3588,6,6
3608,6,6
3607,6,6
3604,6,6
3602,6,6
3601,7,6
3600,6,6
3597,6,6
3596,7,6
3595,7,6
3594,7,6
3593,7,6
3592,7,6
3591,5,6
3590,7,6
3589,6,6
3568,7,6
3567,6,6
3566,6,6
3565,6,6
3541,6,6
3540,6,6
3539,6,6
3537,5,6
3536,6,6
3533,6,6
3532,6,6
3527,6,6
3526,6,6
3525,6,6
3524,6,6
3523,5,6
3521,7,6
3520,5,6
3518,5,6
3542,6,6
3609,6,6
3543,6,6
3545,6,6
3562,6,6
3559,4,6
3558,6,6
3557,6,6
3556,7,6
3555,6,6
3554,6,6
3553,6,6
3552,6,6
3551,6,6
3550,6,6
3549,6,6
3548,6,6
3547,6,6
3546,6,6
3544,6,6
3515,7,6
3611,6,6
3613,6,6
3690,7,6
3689,8,6
3688,6,6
3687,5,6
3685,6,6
3683,6,6
3691,6,6
3682,7,6
3680,6,6
3679,7,6
3677,6,6
3675,6,6
3672,8,6
3671,7,6
3681,8,6
3692,7,6
3695,6,6
3696,7,6
3724,6,6
3723,7,6
3718,5,6
3716,5,6
3712,5,6
3711,6,6
3707,6,6
3706,6,6
3705,6,6
3704,6,6
3703,6,6
3702,6,6
3701,5,6
3698,6,6
3697,6,6
3670,6,6
3668,5,6
3666,7,6
3661,6,6
3635,6,6
3634,7,6
3633,6,6
3632,6,6
3631,6,6
3630,6,6
3626,5,6
3624,7,6
3623,6,6
3622,6,6
3621,7,6
3619,6,6
3618,7,6
3617,5,6
3615,6,6
3636,7,6
3612,6,6
3637,7,6
3640,6,6
3658,7,6
3657,8,6
3656,7,6
3654,6,6
3652,6,6
3650,4,6
3649,6,6
3648,5,6
3647,7,6
3646,7,6
3645,6,6
3644,7,6
3643,6,6
3642,6,6
3641,6,6
3639,6,6
3513,6,6
3512,6,6
3511,7,6
3370,6,6
3369,7,6
3368,6,6
3367,6,6
3366,6,6
3365,7,6
3371,6,6
3364,6,6
3362,6,6
3361,6,6
3360,7,6
3359,6,6
3358,6,6
3357,7,6
3363,6,6
3372,6,6
3373,7,6
3374,5,6
3393,6,6
3392,6,6
3391,8,6
3390,6,6
3389,7,6
3388,6,6
3385,6,6
3384,6,6
3383,6,6
3382,7,6
3381,7,6
3380,7,6
3377,6,6
3376,6,6
3375,6,6
3356,6,6
3355,6,6
3354,7,6
3353,6,6
3328,5,6
3327,7,6
3326,5,6
3325,7,6
3324,6,6
3323,6,6
3321,6,6
3320,5,6
3319,5,6
3318,7,6
3317,6,6
3316,6,6
3315,7,6
3313,7,6
3310,7,6
3329,6,6
3396,6,6
3330,6,6
3332,7,6
3352,6,6
3351,6,6
3350,6,6
3349,6,6
3348,6,6
3347,6,6
3346,6,6
3345,6,6
3342,5,6
3341,6,6
3340,6,6
3339,6,6
3338,6,6
3334,6,6
3333,6,6
3331,6,6
3397,6,6
3399,6,6
3401,5,6
3481,5,6
3477,7,6
3476,8,6
3472,6,6
3471,6,6
3470,8,6
3469,6,6
3468,8,6
3466,6,6
3465,6,6
3462,6,6
3461,8,6
3460,6,6
3459,6,6
3457,7,6
3483,7,6
3455,6,6
3484,8,6
3486,6,6
3510,6,6
3509,6,6
3506,6,6
3505,7,6
3504,7,6
3501,6,6
3498,6,6
3497,6,6
3496,7,6
3495,7,6
3494,6,6
3491,6,6
3490,7,6
3489,8,6
3488,6,6
3485,7,6
2915,6,6
3454,5,6
3452,5,6
3423,5,6
3418,6,6
3417,4,6
3416,6,6
3414,7,6
3413,6,6
3412,6,6
3411,6,6
3410,7,6
3409,3,6
3408,6,6
3406,6,6
3405,6,6
3404,6,6
3403,5,6
3425,6,6
3453,6,6
3426,6,6
3429,5,6
3451,7,6
3450,7,6
3447,6,6
3446,6,6
3443,6,6
3442,7,6
3441,5,6
3440,5,6
3436,6,6
3435,6,6
3434,6,6
3433,7,6
3432,5,6
3431,6,6
3430,6,6
3427,6,6
2914,6,6
6496,6,6
2909,6,6
2528,6,6
2527,6,6
2526,7,6
2525,8,6
2523,5,6
2522,8,6
2530,6,6
2521,7,6
2516,6,6
2515,7,6
2512,6,6
2499,6,6
2496,5,6
2495,5,6
2518,7,6
2533,5,6
2534,7,6
2535,6,6
2569,6,6
2567,5,6
2566,7,6
2562,6,6
2561,5,6
2560,6,6
2549,5,6
2545,6,6
2544,6,6
2543,6,6
2542,5,6
2541,6,6
2540,5,6
2539,5,6
2536,6,6
2488,6,6
2570,5,6
2487,6,6
2480,5,6
2442,5,6
2441,6,6
2439,6,6
2437,6,6
2434,6,6
2429,6,6
2444,5,6
2428,6,6
2426,6,6
2425,6,6
2423,6,6
2421,5,6
2416,6,6
2413,4,6
2427,6,6
2447,6,6
2448,6,6
2449,6,6
2479,6,6
2477,7,6
2474,7,6
2473,6,6
2472,6,6
2471,7,6
2468,6,6
2467,6,6
2463,7,6
2458,6,6
2457,6,6
2456,6,6
2455,6,6
2453,6,6
2452,7,6
2485,6,6
2411,6,6
2571,6,6
2574,5,6
2655,5,6
2652,7,6
2649,6,6
2648,6,6
2647,5,6
2646,7,6
2656,4,6
2645,7,6
2641,5,6
2640,6,6
2639,6,6
2638,6,6
2636,5,6
2635,6,6
2644,6,6
2657,7,6
2658,7,6
2659,6,6
2682,6,6
2681,6,6
2680,6,6
2679,6,6
2677,6,6
2676,6,6
2675,7,6
2674,7,6
2673,6,6
2672,7,6
2668,6,6
2667,7,6
2663,8,6
2662,6,6
2661,6,6
2633,5,6
2572,5,6
2631,7,6
2628,6,6
2592,5,6
2591,7,6
2912,7,6
2588,7,6
2587,6,6
2586,7,6
2593,5,6
2585,7,6
2583,7,6
2582,7,6
2581,7,6
2579,6,6
2577,5,6
2575,6,6
2584,7,6
2596,5,6
2598,5,6
2601,5,6
2627,7,6
2626,7,6
2624,5,6
2623,7,6
2622,7,6
2618,7,6
2617,7,6
2616,7,6
2615,7,6
2614,5,6
2609,6,6
2608,6,6
2607,6,6
2606,6,6
2605,6,6
2630,6,6
2410,6,6
2409,4,6
2407,6,6
2199,6,6
2197,6,6
2196,6,6
2194,6,6
2193,6,6
2191,5,6
2201,6,6
2190,6,6
2188,6,6
2186,5,6
2185,7,6
2184,6,6
2182,5,6
2181,6,6
2189,6,6
2205,5,6
2206,6,6
2207,7,6
2225,4,6
2224,7,6
2222,7,6
2221,6,6
2220,6,6
2218,6,6
2217,6,6
2215,6,6
2214,5,6
2213,6,6
2212,6,6
2211,6,6
2210,7,6
2209,6,6
2208,5,6
2179,6,6
2228,7,6
2175,7,6
2171,7,6
2144,6,6
2143,7,6
2138,5,6
2137,5,6
2136,6,6
2135,5,6
2145,6,6
2134,6,6
2130,5,6
2129,5,6
2125,5,6
2122,5,6
2119,4,6
2118,6,6
2133,6,6
2146,6,6
2147,5,6
2149,6,6
2170,7,6
2169,7,6
2168,7,6
2167,7,6
2164,5,6
2163,6,6
2160,6,6
2159,4,6
2158,6,6
2157,6,6
2156,4,6
2155,5,6
2153,6,6
2152,6,6
2150,6,6
2174,7,6
2229,6,6
2230,7,6
2231,6,6
2372,4,6
2370,7,6
2369,6,6
2368,6,6
2362,6,6
2360,6,6
2374,6,6
2357,5,6
2354,6,6
2353,7,6
2351,6,6
2350,5,6
2348,6,6
2347,6,6
2356,6,6
2376,6,6
2377,6,6
2378,5,6
2403,6,6
2402,6,6
2399,6,6
2398,6,6
2397,6,6
2395,5,6
2393,6,6
2392,7,6
2391,6,6
2390,8,6
2388,4,6
2384,8,6
2383,6,6
2382,8,6
2381,6,6
2345,6,6
2344,6,6
2343,5,6
2341,5,6
2272,6,6
2270,7,6
2267,6,6
2264,6,6
2262,6,6
2256,5,6
2255,6,6
2254,6,6
2251,7,6
2248,6,6
2247,6,6
2245,7,6
2243,5,6
2238,6,6
2234,5,6
2274,7,6
2684,6,6
2277,6,6
2281,6,6
2340,6,6
2339,6,6
2338,5,6
2336,5,6
2335,5,6
2331,5,6
2323,6,6
2320,6,6
2316,7,6
2315,6,6
2310,5,6
2307,5,6
2296,7,6
2291,6,6
2290,7,6
2280,6,6
2685,7,6
2590,6,6
2688,6,6
2780,5,6
2781,6,6
2782,6,6
2783,6,6
2784,6,6
2786,6,6
2790,6,6
2795,8,6
2798,7,6
2799,7,6
2686,6,6
2803,8,6
2779,5,6
2804,8,6
2808,6,6
2810,7,6
2811,5,6
2812,6,6
2814,7,6
2815,5,6
2816,5,6
2817,7,6
2818,4,6
2819,6,6
2820,5,6
2821,5,6
2805,6,6
2777,6,6
2776,8,6
2775,8,6
2735,6,6
2736,6,6
2737,7,6
2739,7,6
2740,6,6
2742,6,6
2743,6,6
2744,6,6
2746,6,6
2747,6,6
2749,6,6
2751,6,6
2753,8,6
2754,5,6
2756,6,6
2757,5,6
2758,6,6
2759,6,6
2760,6,6
2763,6,6
2764,6,6
2765,6,6
2766,6,6
2767,6,6
2768,6,6
2771,6,6
2774,8,6
2822,5,6
2823,6,6
2824,6,6
2825,6,6
2863,6,6
2864,6,6
2865,6,6
2866,7,6
2868,5,6
2869,6,6
2871,6,6
2875,6,6
2876,5,6
2877,5,6
2879,6,6
2880,5,6
2881,7,6
2882,5,6
2887,5,6
2889,6,6
2890,8,6
2891,6,6
2894,7,6
2896,5,6
2898,5,6
2900,6,6
2901,7,6
2903,6,6
2904,7,6
2907,6,6
2908,6,6
2862,6,6
2734,6,6
2861,6,6
2859,6,6
2827,7,6
2828,7,6
2829,5,6
2830,5,6
2832,6,6
2833,7,6
2834,6,6
2835,6,6
2837,6,6
2838,7,6
2839,7,6
2840,6,6
2841,6,6
2842,6,6
2843,6,6
2844,5,6
2845,7,6
2846,7,6
2847,5,6
2850,5,6
2851,5,6
2852,5,6
2853,6,6
2854,6,6
2855,7,6
2856,7,6
2858,7,6
2860,6,6
2733,7,6
2802,6,6
2724,6,6
2706,6,6
2717,6,6
2700,7,6
2720,7,6
2727,6,6
2705,6,6
2695,6,6
2714,6,6
2709,5,6
2725,5,6
2718,6,6
2715,6,6
2726,6,6
2704,6,6
2719,6,6
2694,6,6
2697,5,6
2713,6,6
2708,6,6
2729,7,6
2693,6,6
2728,6,6
2711,5,6
2716,5,6
2723,6,6
2689,6,6
2691,6,6
2710,5,6
5966,7,7
5906,7,7
5968,7,7
5905,7,7
5904,7,7
1969,7,7
3858,6,7
1971,7,7
3865,6,7
5965,7,7
1136,8,7
3864,7,7
3854,6,7
4239,7,7
3581,7,7
3853,7,7
2594,7,7
3851,7,7
6375,7,7
5700,7,7
6373,7,7
203,6,7
3598,7,7
5390,7,7
820,9,7
5703,7,7
5704,7,7
5705,7,7
3843,7,7
5959,8,7
1350,7,7
3846,6,7
1351,7,7
3219,7,7
2990,7,7
3850,6,7
6357,7,7
5389,7,7
2289,7,7
2300,7,7
4695,7,7
6306,7,7
5900,7,7
6304,6,7
6303,7,7
5979,7,7
2342,8,7
6300,6,7
1380,7,7
1381,7,7
3538,7,7
3904,7,7
4544,6,7
3905,7,7
1099,7,7
1907,7,7
3910,6,7
3912,7,7
3529,7,7
5165,8,7
3915,7,7
3916,6,7
5375,6,7
3918,7,7
330,8,7
3906,7,7
879,8,7
1107,7,7
6310,6,7
2293,7,7
2294,7,7
4696,6,7
2298,8,7
2299,7,7
1345,8,7
3564,6,7
6327,5,7
2305,7,7
3560,6,7
4697,7,7
5977,7,7
5974,6,7
2313,7,7
2314,6,7
4540,6,7
4184,7,7
2319,7,7
3007,7,7
6315,7,7
3008,7,7
5379,8,7
2333,8,7
1110,7,7
2311,7,7
2857,8,7
2219,7,7
876,9,7
1297,7,7
1298,6,7
2885,6,7
2884,7,7
3764,8,7
2161,7,7
66,7,7
3676,7,7
1232,7,7
3673,7,7
1231,7,7
2883,7,7
3669,7,7
4446,6,7
3667,8,7
3775,6,7
2057,7,7
6442,7,7
3777,6,7
92,7,7
93,7,7
3665,8,7
3779,7,7
5403,7,7
3664,8,7
3684,7,7
5936,7,7
3728,7,7
2916,6,7
2917,7,7
3720,7,7
2121,7,7
3733,6,7
1548,6,7
2124,7,7
13,7,7
3736,4,7
3190,7,7
2922,8,7
4462,6,7
1288,7,7
29,7,7
2893,7,7
3693,7,7
2930,8,7
5914,7,7
1243,7,7
1242,7,7
3754,8,7
5913,6,7
1238,7,7
3603,7,7
3663,6,7
3660,8,7
4510,6,7
148,7,7
2867,7,7
2016,7,7
2670,7,7
1333,8,7
3815,7,7
157,7,7
1184,7,7
160,7,7
4202,6,7
3620,7,7
5951,7,7
2009,7,7
5096,7,7
2666,7,7
3825,6,7
1386,7,7
2664,7,7
4413,7,7
3829,7,7
4411,7,7
188,8,7
2671,7,7
4658,6,7
6407,5,7
2870,7,7
3659,8,7
3785,7,7
3202,7,7
5941,7,7
2945,8,7
3655,7,7
1221,7,7
2878,6,7
5400,7,7
835,8,7
2954,7,7
5399,7,7
2874,7,7
4503,7,7
2873,8,7
2959,7,7
1321,6,7
4431,6,7
2872,7,7
2963,7,7
3638,7,7
3206,7,7
2965,8,7
832,8,7
1387,6,7
4886,7,7
4651,7,7
5827,7,7
6030,7,7
4792,6,7
5275,7,7
2752,6,7
6121,6,7
971,7,7
4065,8,7
6032,7,7
4787,8,7
4786,8,7
6115,6,7
2750,8,7
5869,6,7
2748,8,7
5836,7,7
4617,7,7
5838,7,7
5288,8,7
3118,7,7
4136,6,7
2553,7,7
2554,7,7
6128,6,7
579,7,7
1464,8,7
5872,7,7
2773,7,7
4596,6,7
4815,7,7
508,6,7
2772,7,7
5811,7,7
3271,7,7
5813,6,7
4309,6,7
1769,7,7
2507,7,7
726,7,7
3386,8,7
2514,7,7
527,6,7
1632,8,7
4802,8,7
5263,6,7
4726,6,7
3378,8,7
2612,7,7
1503,7,7
5267,7,7
5342,7,7
2555,7,7
2557,7,7
2558,7,7
5868,6,7
6070,6,7
5321,7,7
4276,7,7
3312,7,7
3311,7,7
6065,7,7
701,7,7
654,7,7
3309,7,7
2600,7,7
6060,7,7
4129,7,7
661,7,7
3306,7,7
666,6,7
6055,7,7
4738,6,7
3304,7,7
3303,7,7
672,8,7
5328,7,7
6048,7,7
2602,6,7
2603,7,7
4624,6,7
4753,6,7
961,7,7
5842,7,7
2604,7,7
5844,7,7
5845,7,7
5846,7,7
5847,7,7
4765,8,7
5848,7,7
6090,7,7
5849,7,7
4818,6,7
3122,6,7
5851,7,7
2745,7,7
2578,7,7
610,8,7
4134,6,7
5311,7,7
4757,7,7
4756,7,7
4622,7,7
3322,7,7
4623,6,7
4094,7,7
1899,7,7
4594,6,7
4315,7,7
5991,7,7
3163,7,7
1605,9,7
2389,8,7
2813,7,7
3046,6,7
4351,6,7
3482,8,7
759,7,7
3480,8,7
3962,7,7
3479,7,7
4863,7,7
758,7,7
3473,8,7
3162,7,7
2809,7,7
5998,6,7
404,6,7
406,7,7
4167,8,7
1049,6,7
2406,6,7
3492,7,7
5773,7,7
3493,7,7
3947,7,7
2355,7,7
3519,7,7
5984,7,7
3517,7,7
3516,7,7
2597,6,7
3514,6,7
4552,6,7
4553,6,7
5176,8,7
1392,6,7
3507,7,7
1394,7,7
885,7,7
3166,6,7
3503,7,7
3242,6,7
3500,7,7
3499,7,7
2375,6,7
1075,7,7
365,7,7
3244,7,7
4560,6,7
3463,7,7
3975,7,7
3976,7,7
4834,7,7
5794,7,7
3263,8,7
3428,6,7
5796,7,7
3083,7,7
5798,5,7
3424,6,7
5234,6,7
3422,8,7
3421,8,7
3419,7,7
2778,7,7
2722,7,7
3086,7,7
3415,7,7
1787,7,7
4319,7,7
3150,6,7
6167,8,7
3268,6,7
6165,6,7
4025,6,7
3154,6,7
3155,7,7
3157,7,7
5504,7,7
3057,5,7
5365,6,7
4709,6,7
4574,7,7
3458,7,7
3982,7,7
3062,8,7
3984,7,7
2420,7,7
4645,7,7
434,8,7
497,6,7
435,7,7
437,8,7
6005,7,7
3449,8,7
3448,7,7
6200,6,7
442,8,7
3070,8,7
2793,7,7
3445,8,7
1819,6,7
3158,7,7
2796,7,7
4355,6,7
